id,rank,kind,lon,lat,date,event_year,sm_rz_3d,sm_rz_30d,sm_surf_3d,sm_rz_ante3d,sm_rz_ante30d,sm_surf_ante3d,built_frac_1km
1_0_event+0,1,event,121.23589,24.24734,2019-06-12,2019,0.38500019907951355,0.36622387170791626,0.3720635771751404,0.3655451238155365,0.3580554127693176,0.3446943163871765,0.010101428463361737
1_0_ctrl-30,1,ctrl,121.23589,24.24734,2019-05-13,2019,0.3062015175819397,0.29552245140075684,0.2824239134788513,0.31462550163269043,0.2908611297607422,0.3051421344280243,0.010101428463361737
1_0_ctrl+30,1,ctrl,121.23589,24.24734,2019-07-12,2019,0.36592793464660645,0.3830881118774414,0.34652847051620483,0.3732941448688507,0.38436752557754517,0.35295534133911133,0.010101428463361737
1_1_event+0,1,event,121.23589,24.24734,2020-06-01,2020,0.3760816156864166,0.30641791224479675,0.35565319657325745,0.37726566195487976,0.29676905274391174,0.36870792508125305,0.010101428463361737
1_1_ctrl-30,1,ctrl,121.23589,24.24734,2020-05-02,2020,0.27329716086387634,0.2861408591270447,0.23966892063617706,0.2812286615371704,0.2864267826080322,0.26874426007270813,0.010101428463361737
1_1_ctrl+30,1,ctrl,121.23589,24.24734,2020-07-01,2020,0.3097553253173828,0.3424092233181,0.30973881483078003,0.3127501606941223,0.3490121364593506,0.31007906794548035,0.010101428463361737
1_2_event+0,1,event,121.23589,24.24734,2021-06-25,2021,0.3770565986633301,0.3344626724720001,0.36065158247947693,0.3707384169101715,0.31666553020477295,0.35720258951187134,0.010101428463361737
1_2_ctrl-30,1,ctrl,121.23589,24.24734,2021-05-26,2021,0.19393372535705566,0.20528171956539154,0.15552562475204468,0.19293212890625,0.20577746629714966,0.1326027810573578,0.010101428463361737
1_2_ctrl+30,1,ctrl,121.23589,24.24734,2021-07-25,2021,0.33315950632095337,0.3438029885292053,0.3326285183429718,0.3295878767967224,0.34803327918052673,0.331341415643692,0.010101428463361737
1_3_event+0,1,event,121.23589,24.24734,2021-08-06,2021,0.394907683134079,0.34265461564064026,0.3836161494255066,0.3771248757839203,0.3381286859512329,0.3732752799987793,0.010101428463361737
1_3_ctrl-30,1,ctrl,121.23589,24.24734,2021-07-07,2021,0.34992676973342896,0.37061643600463867,0.32837235927581787,0.3612287938594818,0.36981359124183655,0.33367589116096497,0.010101428463361737
1_3_ctrl+30,1,ctrl,121.23589,24.24734,2021-09-05,2021,0.33787795901298523,0.37480810284614563,0.3307717442512512,0.34065449237823486,0.3795725107192993,0.32160478830337524,0.010101428463361737
1_4_event+0,1,event,121.23589,24.24734,2022-03-28,2022,0.3797476291656494,0.35894477367401123,0.36913713812828064,0.3599274456501007,0.36065468192100525,0.35643863677978516,0.010101428463361737
1_4_ctrl-30,1,ctrl,121.23589,24.24734,2022-02-26,2022,0.3984980285167694,0.34577471017837524,0.3723180294036865,0.3918033540248871,0.3386671543121338,0.3810698688030243,0.010101428463361737
1_4_ctrl+30,1,ctrl,121.23589,24.24734,2022-04-27,2022,0.33631256222724915,0.36087271571159363,0.3155515193939209,0.34142759442329407,0.3648017644882202,0.3269158601760864,0.010101428463361737
1_5_event+0,1,event,121.23589,24.24734,2022-07-31,2022,0.2805324196815491,0.32622551918029785,0.27396324276924133,0.28592029213905334,0.33405497670173645,0.2658902406692505,0.010101428463361737
1_5_ctrl-30,1,ctrl,121.23589,24.24734,2022-07-01,2022,0.3615174889564514,0.3817393183708191,0.347188800573349,0.3664903938770294,0.3851974308490753,0.3499124050140381,0.010101428463361737
1_5_ctrl+30,1,ctrl,121.23589,24.24734,2022-08-30,2022,0.24488084018230438,0.2679394483566284,0.22930140793323517,0.24163179099559784,0.27116289734840393,0.20655636489391327,0.010101428463361737
1_6_event+0,1,event,121.23589,24.24734,2022-09-17,2022,0.29665955901145935,0.2668779492378235,0.2825557589530945,0.30158838629722595,0.2639375627040863,0.30694130063056946,0.010101428463361737
1_6_ctrl-30,1,ctrl,121.23589,24.24734,2022-08-18,2022,0.2635401785373688,0.28710824251174927,0.22927798330783844,0.2719038426876068,0.2933613657951355,0.242664635181427,0.010101428463361737
1_6_ctrl+30,1,ctrl,121.23589,24.24734,2022-10-17,2022,0.29818040132522583,0.2661152184009552,0.3207327425479889,0.24855808913707733,0.2645469903945923,0.23778824508190155,0.010101428463361737
1_7_event+0,1,event,121.23589,24.24734,2022-10-27,2022,0.31933218240737915,0.2792942523956299,0.31328293681144714,0.31979480385780334,0.27468565106391907,0.3117963671684265,0.010101428463361737
1_7_ctrl-30,1,ctrl,121.23589,24.24734,2022-09-27,2022,0.2699970304965973,0.2762996256351471,0.24663716554641724,0.2766788899898529,0.27362021803855896,0.25205129384994507,0.010101428463361737
1_7_ctrl+30,1,ctrl,121.23589,24.24734,2022-11-26,2022,0.32154580950737,0.33575111627578735,0.31405946612358093,0.32089763879776,0.33555057644844055,0.3042351305484772,0.010101428463361737
1_8_event+0,1,event,121.23589,24.24734,2024-07-25,2024,0.2907606363296509,0.307793527841568,0.30118656158447266,0.26708048582077026,0.31284859776496887,0.24453556537628174,0.010101428463361737
1_8_ctrl-30,1,ctrl,121.23589,24.24734,2024-06-25,2024,0.35231348872184753,0.3659992516040802,0.33680257201194763,0.3607621192932129,0.365210622549057,0.3400615453720093,0.010101428463361737
1_8_ctrl+30,1,ctrl,121.23589,24.24734,2024-08-24,2024,0.34916263818740845,0.34742963314056396,0.33172348141670227,0.35682395100593567,0.34010106325149536,0.3430771827697754,0.010101428463361737
1_9_event+0,1,event,121.23589,24.24734,2024-10-31,2024,0.37740108370780945,0.37009820342063904,0.3643954396247864,0.3660392463207245,0.3675497770309448,0.35682782530784607,0.010101428463361737
1_9_ctrl-30,1,ctrl,121.23589,24.24734,2024-10-01,2024,0.35382285714149475,0.3545999526977539,0.34655436873435974,0.35036689043045044,0.3548247516155243,0.3372281789779663,0.010101428463361737
1_9_ctrl+30,1,ctrl,121.23589,24.24734,2024-11-30,2024,0.3560163676738739,0.37104642391204834,0.32734906673431396,0.36218398809432983,0.37282419204711914,0.3403497338294983,0.010101428463361737
2_8_event+0,2,event,120.85504,23.52792,2017-06-08,2017,0.42346253991127014,0.33571675419807434,0.3963138461112976,0.420482873916626,0.32169660925865173,0.41431981325149536,0.006667091991123658
2_8_ctrl-30,2,ctrl,120.85504,23.52792,2017-05-09,2017,0.2742026746273041,0.2770734429359436,0.24190078675746918,0.2786456346511841,0.27588215470314026,0.24560502171516418,0.006667091991123658
2_8_ctrl+30,2,ctrl,120.85504,23.52792,2017-07-08,2017,0.403571754693985,0.4092329740524292,0.3831300437450409,0.39970165491104126,0.4113163948059082,0.3805883526802063,0.006667091991123658
2_9_event+0,2,event,120.85504,23.52792,2022-10-16,2022,0.2909441590309143,0.2946593761444092,0.2877253293991089,0.27945688366889954,0.29773542284965515,0.2640726566314697,0.006667091991123658
2_9_ctrl-30,2,ctrl,120.85504,23.52792,2022-09-16,2022,0.32567915320396423,0.31881022453308105,0.3056893050670624,0.33161911368370056,0.3189518451690674,0.3138107359409332,0.006667091991123658
2_9_ctrl+30,2,ctrl,120.85504,23.52792,2022-11-15,2022,0.32396599650382996,0.32496368885040283,0.2969245910644531,0.33100026845932007,0.32077693939208984,0.30981066823005676,0.006667091991123658
3_2_event+0,3,event,120.56302,23.37265,2019-08-13,2019,0.3840440511703491,0.35939469933509827,0.3761560022830963,0.37249666452407837,0.35616421699523926,0.3629569411277771,0.004730973964571647
3_2_ctrl-30,3,ctrl,120.56302,23.37265,2019-07-14,2019,0.35107994079589844,0.35255226492881775,0.331386923789978,0.35412663221359253,0.3526902496814728,0.34688442945480347,0.004730973964571647
3_2_ctrl+30,3,ctrl,120.56302,23.37265,2019-09-12,2019,0.38735929131507874,0.3976883590221405,0.36706167459487915,0.39682918787002563,0.3968825042247772,0.37839797139167786,0.004730973964571647
3_3_event+0,3,event,120.56302,23.37265,2019-08-23,2019,0.402354896068573,0.3789043426513672,0.38539591431617737,0.40831878781318665,0.3746255338191986,0.3938753306865692,0.004730973964571647
3_3_ctrl-30,3,ctrl,120.56302,23.37265,2019-07-24,2019,0.3561854660511017,0.35142770409584045,0.34519022703170776,0.3472132086753845,0.34981831908226013,0.34548020362854004,0.004730973964571647
3_3_ctrl+30,3,ctrl,120.56302,23.37265,2019-09-22,2019,0.3529808521270752,0.38373270630836487,0.3273963928222656,0.36246559023857117,0.38882893323898315,0.33925092220306396,0.004730973964571647
3_4_event+0,3,event,120.56302,23.37265,2023-09-10,2023,0.41118112206459045,0.3780214786529541,0.39851441979408264,0.39789366722106934,0.3737559914588928,0.3836483061313629,0.004730973964571647
3_4_ctrl-30,3,ctrl,120.56302,23.37265,2023-08-11,2023,0.3699806034564972,0.320030152797699,0.3610993027687073,0.37014707922935486,0.3079320192337036,0.3574417531490326,0.004730973964571647
3_4_ctrl+30,3,ctrl,120.56302,23.37265,2023-10-10,2023,0.35531049966812134,0.3721838891506195,0.3494802415370941,0.3497092127799988,0.3772875964641571,0.3478289246559143,0.004730973964571647
3_5_event+0,3,event,120.56302,23.37265,2024-06-07,2024,0.3146970272064209,0.26543664932250977,0.32708486914634705,0.29932522773742676,0.26110872626304626,0.31908151507377625,0.004730973964571647
3_5_ctrl-30,3,ctrl,120.56302,23.37265,2024-05-08,2024,0.2708371877670288,0.22045806050300598,0.25813063979148865,0.2806813418865204,0.21139635145664215,0.28870564699172974,0.004730973964571647
3_5_ctrl+30,3,ctrl,120.56302,23.37265,2024-07-07,2024,0.2993710935115814,0.32114771008491516,0.3164486587047577,0.2915184497833252,0.32216373085975647,0.2948032319545746,0.004730973964571647
3_6_event+0,3,event,120.56302,23.37265,2024-09-05,2024,0.366891086101532,0.37975573539733887,0.35638004541397095,0.3704838752746582,0.3819221258163452,0.35935860872268677,0.004730973964571647
3_6_ctrl-30,3,ctrl,120.56302,23.37265,2024-08-06,2024,0.38904160261154175,0.35237371921539307,0.3728443682193756,0.3931734561920166,0.34355685114860535,0.3761993944644928,0.004730973964571647
3_6_ctrl+30,3,ctrl,120.56302,23.37265,2024-10-05,2024,0.37358054518699646,0.3725748658180237,0.3627583384513855,0.37016621232032776,0.37187474966049194,0.3622331917285919,0.004730973964571647
3_7_event+0,3,event,120.56302,23.37265,2024-11-02,2024,0.37234801054000854,0.36063557863235474,0.3662733733654022,0.3441251516342163,0.35952338576316833,0.34146469831466675,0.004730973964571647
3_7_ctrl-30,3,ctrl,120.56302,23.37265,2024-10-03,2024,0.37178024649620056,0.37207964062690735,0.3645097613334656,0.36972740292549133,0.37182214856147766,0.35801780223846436,0.004730973964571647
3_7_ctrl+30,3,ctrl,120.56302,23.37265,2024-12-02,2024,0.3338852524757385,0.35622864961624146,0.3143627643585205,0.34165289998054504,0.35972076654434204,0.32045745849609375,0.004730973964571647
3_8_event+0,3,event,120.56302,23.37265,2024-11-25,2024,0.3510017693042755,0.35993197560310364,0.33918651938438416,0.3539440929889679,0.35877659916877747,0.34477317333221436,0.004730973964571647
3_8_ctrl-30,3,ctrl,120.56302,23.37265,2024-10-26,2024,0.33851563930511475,0.3629585802555084,0.32691675424575806,0.34610092639923096,0.36721163988113403,0.3293214440345764,0.004730973964571647
3_8_ctrl+30,3,ctrl,120.56302,23.37265,2024-12-25,2024,0.30741339921951294,0.3165712356567383,0.31720492243766785,0.2999975085258484,0.3206191956996918,0.30361655354499817,0.004730973964571647
4_1_event+0,4,event,120.9149,23.5696,2023-08-23,2023,0.3748404085636139,0.37968337535858154,0.36154770851135254,0.37232160568237305,0.3742290437221527,0.35765761137008667,0.011722595571918494
4_1_ctrl-30,4,ctrl,120.9149,23.5696,2023-07-24,2023,0.31825411319732666,0.31512364745140076,0.3056381642818451,0.3163163363933563,0.31709545850753784,0.31995347142219543,0.011722595571918494
4_1_ctrl+30,4,ctrl,120.9149,23.5696,2023-09-22,2023,0.36764198541641235,0.39080479741096497,0.34507304430007935,0.37725958228111267,0.3915172219276428,0.35496750473976135,0.011722595571918494
4_2_event+0,4,event,120.9149,23.5696,2023-08-25,2023,0.3822539746761322,0.38432836532592773,0.36850571632385254,0.3731812536716461,0.37770965695381165,0.3579596281051636,0.011722595571918494
4_2_ctrl-30,4,ctrl,120.9149,23.5696,2023-07-26,2023,0.3251577615737915,0.3149838447570801,0.3266538083553314,0.31982704997062683,0.31574708223342896,0.3130778670310974,0.011722595571918494
4_2_ctrl+30,4,ctrl,120.9149,23.5696,2023-09-24,2023,0.36168041825294495,0.3892773389816284,0.3389001488685608,0.37093833088874817,0.3911576569080353,0.34893810749053955,0.011722595571918494
4_3_event+0,4,event,120.9149,23.5696,2023-09-03,2023,0.3821580111980438,0.38357728719711304,0.36914998292922974,0.3807156980037689,0.3836416006088257,0.3555981516838074,0.011722595571918494
4_3_ctrl-30,4,ctrl,120.9149,23.5696,2023-08-04,2023,0.38993966579437256,0.3340296447277069,0.3736167550086975,0.39407405257225037,0.32750242948532104,0.37202420830726624,0.011722595571918494
4_3_ctrl+30,4,ctrl,120.9149,23.5696,2023-10-03,2023,0.33900153636932373,0.3782215118408203,0.3155244290828705,0.34704315662384033,0.3817445635795593,0.3303605318069458,0.011722595571918494
4_4_event+0,4,event,120.9149,23.5696,2024-05-28,2024,0.2877534031867981,0.28648337721824646,0.2841125726699829,0.28681474924087524,0.2842787206172943,0.2804936468601227,0.011722595571918494
4_4_ctrl-30,4,ctrl,120.9149,23.5696,2024-04-28,2024,0.2740398347377777,0.22037982940673828,0.2980232536792755,0.21557429432868958,0.21308669447898865,0.1940501183271408,0.011722595571918494
4_4_ctrl+30,4,ctrl,120.9149,23.5696,2024-06-27,2024,0.34836962819099426,0.3426258862018585,0.3388454020023346,0.34621545672416687,0.33651003241539,0.3321332633495331,0.011722595571918494
4_5_event+0,4,event,120.9149,23.5696,2024-07-25,2024,0.3453669548034668,0.33689284324645996,0.34189680218696594,0.32387351989746094,0.3360321819782257,0.3056834042072296,0.011722595571918494
4_5_ctrl-30,4,ctrl,120.9149,23.5696,2024-06-25,2024,0.34602946043014526,0.3385322093963623,0.33340609073638916,0.3492274284362793,0.3327310085296631,0.3316609859466553,0.011722595571918494
4_5_ctrl+30,4,ctrl,120.9149,23.5696,2024-08-24,2024,0.376956045627594,0.3863219916820526,0.35464560985565186,0.3881492018699646,0.3817802965641022,0.36453139781951904,0.011722595571918494
4_6_event+0,4,event,120.9149,23.5696,2024-10-31,2024,0.36592787504196167,0.3673911690711975,0.35385456681251526,0.3546830415725708,0.3663509488105774,0.3421088755130768,0.011722595571918494
4_6_ctrl-30,4,ctrl,120.9149,23.5696,2024-10-01,2024,0.358233779668808,0.3624131977558136,0.34707486629486084,0.3561926782131195,0.36453157663345337,0.33690881729125977,0.011722595571918494
4_6_ctrl+30,4,ctrl,120.9149,23.5696,2024-11-30,2024,0.3389209508895874,0.3577073812484741,0.3081182837486267,0.3453882932662964,0.359752357006073,0.319071501493454,0.011722595571918494
6_4_event+0,6,event,121.18322,24.02272,2017-06-09,2017,0.373234361410141,0.3035426139831543,0.3461966812610626,0.3904479146003723,0.2908822000026703,0.3723916709423065,0.019160584549042348
6_4_ctrl-30,6,ctrl,121.18322,24.02272,2017-05-10,2017,0.23853103816509247,0.24570263922214508,0.20995953679084778,0.2445814609527588,0.2456885576248169,0.21467766165733337,0.019160584549042348
6_4_ctrl+30,6,ctrl,121.18322,24.02272,2017-07-09,2017,0.35209938883781433,0.3703586459159851,0.33813023567199707,0.353405624628067,0.3726009130477905,0.33798298239707947,0.019160584549042348
6_5_event+0,6,event,121.18322,24.02272,2023-08-04,2023,0.3570340871810913,0.29778364300727844,0.35025936365127563,0.35075053572654724,0.29115206003189087,0.33685651421546936,0.019160584549042348
6_5_ctrl-30,6,ctrl,121.18322,24.02272,2023-07-05,2023,0.2902548909187317,0.30150341987609863,0.2718510031700134,0.2979515790939331,0.30153167247772217,0.297891229391098,0.019160584549042348
6_5_ctrl+30,6,ctrl,121.18322,24.02272,2023-09-03,2023,0.3613984286785126,0.368598073720932,0.35420018434524536,0.35452017188072205,0.36700212955474854,0.33905380964279175,0.019160584549042348
6_6_event+0,6,event,121.18322,24.02272,2024-05-21,2024,0.30887624621391296,0.2937093675136566,0.30632394552230835,0.3092975914478302,0.2835422158241272,0.3018259108066559,0.019160584549042348
6_6_ctrl-30,6,ctrl,121.18322,24.02272,2024-04-21,2024,0.20324650406837463,0.20294693112373352,0.17090997099876404,0.2031550109386444,0.20346321165561676,0.16338619589805603,0.019160584549042348
6_6_ctrl+30,6,ctrl,121.18322,24.02272,2024-06-20,2024,0.35274767875671387,0.3445354104042053,0.336681991815567,0.35998663306236267,0.34029948711395264,0.34428468346595764,0.019160584549042348
7_5_event+0,7,event,121.37973,23.64152,2019-08-24,2019,0.34865012764930725,0.33227139711380005,0.3434447944164276,0.3342243432998657,0.3306228220462799,0.32968732714653015,0.0006118894520513405
7_5_ctrl-30,7,ctrl,121.37973,23.64152,2019-07-25,2019,0.33520761132240295,0.35031723976135254,0.32121238112449646,0.3329208493232727,0.3546099364757538,0.3332674205303192,0.0006118894520513405
7_5_ctrl+30,7,ctrl,121.37973,23.64152,2019-09-23,2019,0.3349147140979767,0.3740204870700836,0.3053084909915924,0.3416116237640381,0.37402644753456116,0.28745707869529724,0.0006118894520513405
7_6_event+0,7,event,121.37973,23.64152,2024-05-10,2024,0.2312423288822174,0.21881172060966492,0.19320541620254517,0.22984448075294495,0.21683666110038757,0.20152395963668823,0.0006118894520513405
7_6_ctrl-30,7,ctrl,121.37973,23.64152,2024-04-10,2024,0.2111288160085678,0.21387332677841187,0.17471982538700104,0.2090613842010498,0.21470190584659576,0.15623381733894348,0.0006118894520513405
7_6_ctrl+30,7,ctrl,121.37973,23.64152,2024-06-09,2024,0.3033909201622009,0.24654832482337952,0.32025182247161865,0.2617058753967285,0.23858493566513062,0.2324555218219757,0.0006118894520513405
8_4_event+0,8,event,120.92271,22.45184,2016-09-15,2016,0.37204620242118835,0.3083733916282654,0.3544228672981262,0.3549630045890808,0.29936206340789795,0.32751187682151794,0.010400605242916767
8_4_ctrl-30,8,ctrl,120.92271,22.45184,2016-08-16,2016,0.28721800446510315,0.23866792023181915,0.3029325604438782,0.24926608800888062,0.23714426159858704,0.2697490453720093,0.010400605242916767
8_4_ctrl+30,8,ctrl,120.92271,22.45184,2016-10-15,2016,0.3889038860797882,0.3781673014163971,0.35791337490081787,0.4106120765209198,0.3759453594684601,0.3885374069213867,0.010400605242916767
8_5_event+0,8,event,120.92271,22.45184,2016-09-28,2016,0.3550402522087097,0.3425624668598175,0.3326948285102844,0.3473230004310608,0.3330014944076538,0.30325090885162354,0.010400605242916767
8_5_ctrl-30,8,ctrl,120.92271,22.45184,2016-08-29,2016,0.26061514019966125,0.25754958391189575,0.22137199342250824,0.2725535035133362,0.2530685067176819,0.22194716334342957,0.010400605242916767
8_5_ctrl+30,8,ctrl,120.92271,22.45184,2016-10-28,2016,0.3430987596511841,0.3750929534435272,0.30036213994026184,0.35601916909217834,0.37567874789237976,0.32161039113998413,0.010400605242916767
8_6_event+0,8,event,120.92271,22.45184,2018-08-26,2018,0.33545932173728943,0.2578245997428894,0.3538200855255127,0.26022031903266907,0.2518942058086395,0.2771525979042053,0.010400605242916767
8_6_ctrl-30,8,ctrl,120.92271,22.45184,2018-07-27,2018,0.2863166630268097,0.30536800622940063,0.2567850947380066,0.29587429761886597,0.30951714515686035,0.2824965715408325,0.010400605242916767
8_6_ctrl+30,8,ctrl,120.92271,22.45184,2018-09-25,2018,0.3567831516265869,0.374131977558136,0.33498480916023254,0.36370134353637695,0.3714495003223419,0.3314625918865204,0.010400605242916767
9_1_event+0,9,event,120.68743,23.95588,2019-07-18,2019,0.3717937171459198,0.39746788144111633,0.3077845275402069,0.386443167924881,0.4003535211086273,0.3315700590610504,0.18799091826183442
9_1_ctrl-30,9,ctrl,120.68743,23.95588,2019-06-18,2019,0.3991571068763733,0.36696773767471313,0.36736932396888733,0.40155014395713806,0.35795190930366516,0.38544946908950806,0.18799091826183442
9_1_ctrl+30,9,ctrl,120.68743,23.95588,2019-08-17,2019,0.4234621226787567,0.37022721767425537,0.41056644916534424,0.4009803235530853,0.3650704622268677,0.3956252634525299,0.18799091826183442
9_2_event+0,9,event,120.68743,23.95588,2019-08-12,2019,0.376575231552124,0.36318182945251465,0.37925395369529724,0.3490102291107178,0.3646989166736603,0.3206406831741333,0.18799091826183442
9_2_ctrl-30,9,ctrl,120.68743,23.95588,2019-07-13,2019,0.39476749300956726,0.40177902579307556,0.3617141842842102,0.4017581343650818,0.40070468187332153,0.37086033821105957,0.18799091826183442
9_2_ctrl+30,9,ctrl,120.68743,23.95588,2019-09-11,2019,0.4074123799800873,0.4219101071357727,0.3752695322036743,0.4196178913116455,0.41843193769454956,0.39538776874542236,0.18799091826183442
9_3_event+0,9,event,120.68743,23.95588,2021-04-08,2021,0.20496498048305511,0.20826101303100586,0.10732270032167435,0.20888440310955048,0.20905157923698425,0.11894682794809341,0.18799091826183442
9_3_ctrl-30,9,ctrl,120.68743,23.95588,2021-03-09,2021,0.21200323104858398,0.21793679893016815,0.14867384731769562,0.21285031735897064,0.2171442210674286,0.14572487771511078,0.18799091826183442
9_3_ctrl+30,9,ctrl,120.68743,23.95588,2021-05-08,2021,0.20847907662391663,0.1995079219341278,0.145790234208107,0.21029707789421082,0.1993148922920227,0.1724032312631607,0.18799091826183442
9_4_event+0,9,event,120.68743,23.95588,2021-08-04,2021,0.43976834416389465,0.38586729764938354,0.42572593688964844,0.38758188486099243,0.38189494609832764,0.3860384523868561,0.18799091826183442
9_4_ctrl-30,9,ctrl,120.68743,23.95588,2021-07-05,2021,0.3984812796115875,0.38626837730407715,0.35222092270851135,0.41308721899986267,0.37621477246284485,0.3815993368625641,0.18799091826183442
9_4_ctrl+30,9,ctrl,120.68743,23.95588,2021-09-03,2021,0.3799450993537903,0.42002740502357483,0.3410854935646057,0.3898424506187439,0.42599207162857056,0.34219345450401306,0.18799091826183442
9_5_event+0,9,event,120.68743,23.95588,2022-03-29,2022,0.3889847695827484,0.3711725175380707,0.3825998604297638,0.37693291902542114,0.37323373556137085,0.3765197694301605,0.18799091826183442
9_5_ctrl-30,9,ctrl,120.68743,23.95588,2022-02-27,2022,0.41179323196411133,0.30312320590019226,0.38076409697532654,0.40685802698135376,0.28817662596702576,0.40458837151527405,0.18799091826183442
9_5_ctrl+30,9,ctrl,120.68743,23.95588,2022-04-28,2022,0.310820609331131,0.3484892249107361,0.26430943608283997,0.3198718726634979,0.35603776574134827,0.30533257126808167,0.18799091826183442
9_6_event+0,9,event,120.68743,23.95588,2023-07-22,2023,0.33108726143836975,0.3098820447921753,0.3179697096347809,0.3113642632961273,0.3111059367656708,0.32039400935173035,0.18799091826183442
9_6_ctrl-30,9,ctrl,120.68743,23.95588,2023-06-22,2023,0.3418988883495331,0.3213924169540405,0.28630760312080383,0.34954366087913513,0.3202643096446991,0.3381647765636444,0.18799091826183442
9_6_ctrl+30,9,ctrl,120.68743,23.95588,2023-08-21,2023,0.39034005999565125,0.38111546635627747,0.3754535913467407,0.3873395621776581,0.37545791268348694,0.37606745958328247,0.18799091826183442
10_4_event+0,10,event,120.64882,22.90398,2022-10-17,2022,0.20187072455883026,0.20364844799041748,0.18173281848430634,0.19481663405895233,0.20586906373500824,0.153229758143425,0.007206642122251359
10_4_ctrl-30,10,ctrl,120.64882,22.90398,2022-09-17,2022,0.22632798552513123,0.23644529283046722,0.16741865873336792,0.23535190522670746,0.2387312650680542,0.19530226290225983,0.007206642122251359
10_4_ctrl+30,10,ctrl,120.64882,22.90398,2022-11-16,2022,0.2184617668390274,0.21986645460128784,0.1583675891160965,0.2240055501461029,0.21804820001125336,0.1673945188522339,0.007206642122251359
11_5_event+0,11,event,120.60928,23.59343,2016-07-07,2016,0.24562807381153107,0.23457668721675873,0.28873327374458313,0.24460828304290771,0.22829394042491913,0.30134472250938416,0.0073873816278923156
11_5_ctrl-30,11,ctrl,120.60928,23.59343,2016-06-07,2016,0.18028795719146729,0.18907448649406433,0.18766480684280396,0.1800246387720108,0.189982071518898,0.14645615220069885,0.0073873816278923156
11_5_ctrl+30,11,ctrl,120.60928,23.59343,2016-08-06,2016,0.2511797249317169,0.2506979703903198,0.28946441411972046,0.24560852348804474,0.25034013390541077,0.30850234627723694,0.0073873816278923156
12_3_event+0,12,event,120.61399,23.09617,2024-09-10,2024,0.49690136313438416,0.4844476282596588,0.47129854559898376,0.4808402359485626,0.483991414308548,0.46015921235084534,0.0029398749180410554
12_3_ctrl-30,12,ctrl,120.61399,23.09617,2024-08-11,2024,0.49596405029296875,0.46985384821891785,0.4703845977783203,0.4931524395942688,0.4643186330795288,0.4668736457824707,0.0029398749180410554
12_3_ctrl+30,12,ctrl,120.61399,23.09617,2024-10-10,2024,0.5033857226371765,0.4992590546607971,0.47516411542892456,0.5069376826286316,0.4986700713634491,0.47761139273643494,0.0029398749180410554
13_1_event+0,13,event,121.15602,23.95793,2019-05-18,2019,0.27041035890579224,0.25148674845695496,0.2917454242706299,0.23818959295749664,0.24414733052253723,0.20080342888832092,0.00038902729622391726
13_1_ctrl-30,13,ctrl,121.15602,23.95793,2019-04-18,2019,0.20858456194400787,0.21870079636573792,0.19860751926898956,0.2003890424966812,0.22214052081108093,0.14628979563713074,0.00038902729622391726
13_1_ctrl+30,13,ctrl,121.15602,23.95793,2019-06-17,2019,0.38128364086151123,0.35478559136390686,0.3572998046875,0.38763532042503357,0.3427298069000244,0.37257951498031616,0.00038902729622391726
13_2_event+0,13,event,121.15602,23.95793,2023-08-08,2023,0.39643797278404236,0.3137756586074829,0.36852726340293884,0.37766212224960327,0.30216705799102783,0.36744651198387146,0.00038902729622391726
13_2_ctrl-30,13,ctrl,121.15602,23.95793,2023-07-09,2023,0.27107545733451843,0.2978260815143585,0.2480383664369583,0.2827720046043396,0.2986712157726288,0.2585977613925934,0.00038902729622391726
13_2_ctrl+30,13,ctrl,121.15602,23.95793,2023-09-07,2023,0.4035050868988037,0.37192097306251526,0.3806881010532379,0.37791353464126587,0.37189990282058716,0.36650538444519043,0.00038902729622391726
13_3_event+0,13,event,121.15602,23.95793,2024-06-07,2024,0.3463708758354187,0.307243287563324,0.3395138382911682,0.3385753929615021,0.30292728543281555,0.33620643615722656,0.00038902729622391726
13_3_ctrl-30,13,ctrl,121.15602,23.95793,2024-05-08,2024,0.30202680826187134,0.23977437615394592,0.2949385344982147,0.3082273006439209,0.22911837697029114,0.30899596214294434,0.00038902729622391726
13_3_ctrl+30,13,ctrl,121.15602,23.95793,2024-07-07,2024,0.32509297132492065,0.3456016778945923,0.30839985609054565,0.33733001351356506,0.34776604175567627,0.3204931914806366,0.00038902729622391726
13_4_event+0,13,event,121.15602,23.95793,2024-07-19,2024,0.2846810817718506,0.3251354694366455,0.2699546813964844,0.29577112197875977,0.3316890299320221,0.2803158164024353,0.00038902729622391726
13_4_ctrl-30,13,ctrl,121.15602,23.95793,2024-06-19,2024,0.3498748242855072,0.3303692638874054,0.3360418677330017,0.3546994626522064,0.32468655705451965,0.3421572744846344,0.00038902729622391726
13_4_ctrl+30,13,ctrl,121.15602,23.95793,2024-08-18,2024,0.35670509934425354,0.34256279468536377,0.3429248034954071,0.3542757034301758,0.3358565866947174,0.3432738184928894,0.00038902729622391726
14_4_event+0,14,event,121.18746,24.02278,2023-10-05,2023,0.3045554459095001,0.34553614258766174,0.28782394528388977,0.3118935227394104,0.3532181680202484,0.2924596071243286,0.017493454114502562
14_4_ctrl-30,14,ctrl,121.18746,24.02278,2023-09-05,2023,0.3876940608024597,0.36920157074928284,0.3762945532798767,0.3548118472099304,0.3676455020904541,0.3419733941555023,0.017493454114502562
14_4_ctrl+30,14,ctrl,121.18746,24.02278,2023-11-04,2023,0.2726083993911743,0.2955664396286011,0.25383394956588745,0.28015702962875366,0.2988409698009491,0.26217466592788696,0.017493454114502562
14_5_event+0,14,event,121.18746,24.02278,2024-05-21,2024,0.30887624621391296,0.2937093675136566,0.30632394552230835,0.3092975914478302,0.2835422158241272,0.3018259108066559,0.017493454114502562
14_5_ctrl-30,14,ctrl,121.18746,24.02278,2024-04-21,2024,0.20324650406837463,0.20294693112373352,0.17090997099876404,0.2031550109386444,0.20346321165561676,0.16338619589805603,0.017493454114502562
14_5_ctrl+30,14,ctrl,121.18746,24.02278,2024-06-20,2024,0.35274767875671387,0.3445354104042053,0.336681991815567,0.35998663306236267,0.34029948711395264,0.34428468346595764,0.017493454114502562
15_3_event+0,15,event,121.10199,24.01182,2019-06-12,2019,0.4025401771068573,0.36988747119903564,0.3865594267845154,0.3783510625362396,0.3572029173374176,0.35583704710006714,0.018555416871540775
15_3_ctrl-30,15,ctrl,121.10199,24.01182,2019-05-13,2019,0.27909427881240845,0.27446606755256653,0.24217504262924194,0.2880980968475342,0.26997703313827515,0.27039024233818054,0.018555416871540775
15_3_ctrl+30,15,ctrl,121.10199,24.01182,2019-07-12,2019,0.38012242317199707,0.3980431854724884,0.3638090491294861,0.3843834698200226,0.3994092643260956,0.3626523017883301,0.018555416871540775
15_4_event+0,15,event,121.10199,24.01182,2019-07-29,2019,0.3589690327644348,0.37048402428627014,0.3511708676815033,0.3520539402961731,0.3742871880531311,0.3437930941581726,0.018555416871540775
15_4_ctrl-30,15,ctrl,121.10199,24.01182,2019-06-29,2019,0.3975759446620941,0.3978869318962097,0.37097248435020447,0.40896373987197876,0.39724791049957275,0.38959699869155884,0.018555416871540775
15_4_ctrl+30,15,ctrl,121.10199,24.01182,2019-08-28,2019,0.41014569997787476,0.39176177978515625,0.38045209646224976,0.41515660285949707,0.38725367188453674,0.39342576265335083,0.018555416871540775
15_5_event+0,15,event,121.10199,24.01182,2023-08-06,2023,0.42180466651916504,0.3471542298793793,0.40503427386283875,0.3907504677772522,0.33634403347969055,0.3748890161514282,0.018555416871540775
15_5_ctrl-30,15,ctrl,121.10199,24.01182,2023-07-07,2023,0.31738197803497314,0.33554038405418396,0.2896990180015564,0.3300734758377075,0.33484914898872375,0.3140350580215454,0.018555416871540775
15_5_ctrl+30,15,ctrl,121.10199,24.01182,2023-09-05,2023,0.42174404859542847,0.4062287509441376,0.4050268530845642,0.39418715238571167,0.40525251626968384,0.3771716058254242,0.018555416871540775
16_5_event+0,16,event,120.85173,23.51847,2017-06-01,2017,0.3322294354438782,0.30357539653778076,0.3269956111907959,0.32948794960975647,0.29922303557395935,0.32366931438446045,0.0018577927973368305
16_5_ctrl-30,16,ctrl,120.85173,23.51847,2017-05-02,2017,0.28684690594673157,0.27420076727867126,0.2484925538301468,0.2929292321205139,0.27141615748405457,0.28001925349235535,0.0018577927973368305
16_5_ctrl+30,16,ctrl,120.85173,23.51847,2017-07-01,2017,0.39213794469833374,0.41076111793518066,0.3757598400115967,0.3927535116672516,0.4048118591308594,0.36329612135887146,0.0018577927973368305
18_0_event+0,18,event,121.18325,24.11392,2021-08-01,2021,0.3430987000465393,0.326812207698822,0.3498140871524811,0.3197368383407593,0.3275729715824127,0.3053499460220337,0.0032224754098360655
18_0_ctrl-30,18,ctrl,121.18325,24.11392,2021-07-02,2021,0.3563893735408783,0.35021477937698364,0.3326491415500641,0.3608088791370392,0.34112823009490967,0.34622272849082947,0.0032224754098360655
18_0_ctrl+30,18,ctrl,121.18325,24.11392,2021-08-31,2021,0.3291582465171814,0.37020838260650635,0.30271896719932556,0.3404653072357178,0.37043723464012146,0.31689929962158203,0.0032224754098360655
18_1_event+0,18,event,121.18325,24.11392,2022-02-22,2022,0.35734280943870544,0.2938040494918823,0.3620087206363678,0.31255799531936646,0.28421029448509216,0.3161933422088623,0.0032224754098360655
18_1_ctrl-30,18,ctrl,121.18325,24.11392,2022-01-23,2022,0.2704181671142578,0.27189359068870544,0.2802567481994629,0.2611553370952606,0.2715591490268707,0.24217674136161804,0.0032224754098360655
18_1_ctrl+30,18,ctrl,121.18325,24.11392,2022-03-24,2022,0.32537639141082764,0.3400726318359375,0.3270998001098633,0.3054449260234833,0.3414805233478546,0.28535133600234985,0.0032224754098360655
18_2_event+0,18,event,121.18325,24.11392,2022-03-27,2022,0.3522178828716278,0.33652183413505554,0.34575241804122925,0.32537639141082764,0.3400726318359375,0.3270998001098633,0.0032224754098360655
18_2_ctrl-30,18,ctrl,121.18325,24.11392,2022-02-25,2022,0.38699960708618164,0.3045438826084137,0.36641621589660645,0.35734280943870544,0.2938040494918823,0.3620087206363678,0.0032224754098360655
18_2_ctrl+30,18,ctrl,121.18325,24.11392,2022-04-26,2022,0.3159368336200714,0.3382481634616852,0.3091680109500885,0.3159725069999695,0.34164637327194214,0.30559372901916504,0.0032224754098360655
20_0_event+0,20,event,121.66158,24.19276,2022-02-24,2022,0.4051375985145569,0.38117673993110657,0.3886391222476959,0.3839195668697357,0.3786105215549469,0.37334147095680237,0
20_0_ctrl-30,20,ctrl,121.66158,24.19276,2022-01-25,2022,0.38093411922454834,0.3711075186729431,0.36114856600761414,0.3728848397731781,0.37189731001853943,0.3647500276565552,0
20_0_ctrl+30,20,ctrl,121.66158,24.19276,2022-03-26,2022,0.3773563504219055,0.3714750409126282,0.3687377870082855,0.35922789573669434,0.3740966320037842,0.35181763768196106,0
20_1_event+0,20,event,121.66158,24.19276,2024-09-30,2024,0.3636413514614105,0.3415401577949524,0.3660312294960022,0.34285756945610046,0.34085559844970703,0.34493008255958557,0
20_1_ctrl-30,20,ctrl,121.66158,24.19276,2024-08-31,2024,0.36027827858924866,0.3649287819862366,0.34284043312072754,0.3666473925113678,0.36498013138771057,0.3525133728981018,0
20_1_ctrl+30,20,ctrl,121.66158,24.19276,2024-10-30,2024,0.3900047242641449,0.38903945684432983,0.37242597341537476,0.3915867507457733,0.3855741620063782,0.3794010877609253,0
21_0_event+0,21,event,121.13959,24.49527,2024-04-24,2024,0.2269725203514099,0.2283250242471695,0.19137655198574066,0.22917115688323975,0.22815090417861938,0.19836658239364624,0
21_0_ctrl-30,21,ctrl,121.13959,24.49527,2024-03-25,2024,0.22469644248485565,0.23169688880443573,0.16345469653606415,0.23038913309574127,0.23295298218727112,0.1830015778541565,0
21_0_ctrl+30,21,ctrl,121.13959,24.49527,2024-05-24,2024,0.33779123425483704,0.32676589488983154,0.3386881351470947,0.3316701054573059,0.31568342447280884,0.3300105929374695,0
21_1_event+0,21,event,121.13959,24.49527,2024-06-04,2024,0.36889708042144775,0.34164664149284363,0.3595914840698242,0.35746970772743225,0.3391663134098053,0.35200390219688416,0
21_1_ctrl-30,21,ctrl,121.13959,24.49527,2024-05-05,2024,0.3442068099975586,0.2640712857246399,0.33754000067710876,0.3349058926105499,0.25297871232032776,0.33043232560157776,0
21_1_ctrl+30,21,ctrl,121.13959,24.49527,2024-07-04,2024,0.33601614832878113,0.3580578863620758,0.32247060537338257,0.34599652886390686,0.3612247109413147,0.3260021507740021,0
22_0_event+0,22,event,121.68119,24.21173,2019-05-24,2019,0.3671669661998749,0.2981971204280853,0.33282822370529175,0.3593454658985138,0.2897467315196991,0.3571578562259674,0
22_0_ctrl-30,22,ctrl,121.68119,24.21173,2019-04-24,2019,0.27713996171951294,0.2510219216346741,0.24868102371692657,0.2678222060203552,0.24884189665317535,0.27203285694122314,0
22_0_ctrl+30,22,ctrl,121.68119,24.21173,2019-06-23,2019,0.3764674961566925,0.36883997917175293,0.34215351939201355,0.3841259777545929,0.3680320680141449,0.3417576849460602,0
22_1_event+0,22,event,121.68119,24.21173,2023-01-11,2023,0.3335319757461548,0.33666449785232544,0.3132435083389282,0.3348050117492676,0.3385273218154907,0.32072168588638306,0
22_1_ctrl-30,22,ctrl,121.68119,24.21173,2022-12-12,2023,0.35177040100097656,0.37203624844551086,0.30671456456184387,0.35807889699935913,0.37687546014785767,0.31363677978515625,0
22_1_ctrl+30,22,ctrl,121.68119,24.21173,2023-02-10,2023,0.3437480032444,0.3254031538963318,0.3213195204734802,0.34035438299179077,0.32446664571762085,0.340423047542572,0
22_2_event+0,22,event,121.68119,24.21173,2024-04-22,2024,0.22706575691699982,0.22820456326007843,0.17491696774959564,0.22924409806728363,0.22903449833393097,0.19226312637329102,0
22_2_ctrl-30,22,ctrl,121.68119,24.21173,2024-03-23,2024,0.23444293439388275,0.2414197474718094,0.17035850882530212,0.23726972937583923,0.24321392178535461,0.1881425380706787,0
22_2_ctrl+30,22,ctrl,121.68119,24.21173,2024-05-22,2024,0.2448401302099228,0.24227134883403778,0.22805313766002655,0.23995855450630188,0.24050188064575195,0.19062982499599457,0
23_2_event+0,23,event,120.64847,22.91326,2019-08-15,2019,0.3770475387573242,0.3582215905189514,0.36872225999832153,0.3639333248138428,0.35510745644569397,0.35632380843162537,0.00382472577350783
23_2_ctrl-30,23,ctrl,120.64847,22.91326,2019-07-16,2019,0.3453986644744873,0.3452080190181732,0.3117932975292206,0.3596608340740204,0.3479430377483368,0.3437965512275696,0.00382472577350783
23_2_ctrl+30,23,ctrl,120.64847,22.91326,2019-09-14,2019,0.3502234220504761,0.3755756914615631,0.3173868656158447,0.36363109946250916,0.3780893087387085,0.34342825412750244,0.00382472577350783
23_3_event+0,23,event,120.64847,22.91326,2024-08-08,2024,0.36712875962257385,0.32607540488243103,0.3536328971385956,0.3657090961933136,0.31885623931884766,0.34894102811813354,0.00382472577350783
23_3_ctrl-30,23,ctrl,120.64847,22.91326,2024-07-09,2024,0.29245725274086,0.32282283902168274,0.2912485897541046,0.30159854888916016,0.3258746266365051,0.29350847005844116,0.00382472577350783
23_3_ctrl+30,23,ctrl,120.64847,22.91326,2024-09-07,2024,0.3463302254676819,0.3533981740474701,0.34007522463798523,0.34184545278549194,0.35537466406822205,0.33272311091423035,0.00382472577350783
24_2_event+0,24,event,120.65334,22.98178,2019-08-19,2019,0.4046793580055237,0.36975401639938354,0.38490793108940125,0.3896990716457367,0.36355990171432495,0.37673866748809814,0.01371445520336888
24_2_ctrl-30,24,ctrl,120.65334,22.98178,2019-07-20,2019,0.35198676586151123,0.34915947914123535,0.3379868268966675,0.34265339374542236,0.34923821687698364,0.30643999576568604,0.01371445520336888
24_2_ctrl+30,24,ctrl,120.65334,22.98178,2019-09-18,2019,0.3419400155544281,0.3730188012123108,0.31775715947151184,0.35154181718826294,0.3792252838611603,0.3203512728214264,0.01371445520336888
24_3_event+0,24,event,120.65334,22.98178,2024-07-25,2024,0.3211088180541992,0.30004873871803284,0.3482130169868469,0.26621735095977783,0.2992638051509857,0.25883761048316956,0.01371445520336888
24_3_ctrl-30,24,ctrl,120.65334,22.98178,2024-06-25,2024,0.32996755838394165,0.3136226236820221,0.31425604224205017,0.33937370777130127,0.3034721910953522,0.32491782307624817,0.01371445520336888
24_3_ctrl+30,24,ctrl,120.65334,22.98178,2024-08-24,2024,0.3548985719680786,0.37517309188842773,0.33189597725868225,0.36798956990242004,0.36934468150138855,0.34862005710601807,0.01371445520336888
25_3_event+0,25,event,120.68308,23.06484,2021-08-07,2021,0.42108219861984253,0.36213022470474243,0.4090724289417267,0.4180627167224884,0.3553418517112732,0.4006824493408203,0.011301047681484657
25_3_ctrl-30,25,ctrl,120.68308,23.06484,2021-07-08,2021,0.3501175343990326,0.36950093507766724,0.32919836044311523,0.360685259103775,0.36750251054763794,0.3359512388706207,0.011301047681484657
25_3_ctrl+30,25,ctrl,120.68308,23.06484,2021-09-06,2021,0.3458908498287201,0.3698972165584564,0.33522799611091614,0.34359103441238403,0.3770222067832947,0.3284969925880432,0.011301047681484657
25_4_event+0,25,event,120.68308,23.06484,2024-09-11,2024,0.36554279923439026,0.3570924699306488,0.35072606801986694,0.35555559396743774,0.3580992519855499,0.34692004323005676,0.011301047681484657
25_4_ctrl-30,25,ctrl,120.68308,23.06484,2024-08-12,2024,0.3752816915512085,0.342557817697525,0.36122646927833557,0.3711179196834564,0.3345280885696411,0.35699915885925293,0.011301047681484657
25_4_ctrl+30,25,ctrl,120.68308,23.06484,2024-10-11,2024,0.383491575717926,0.37083712220191956,0.3634665906429291,0.3858785033226013,0.3693391680717468,0.36609897017478943,0.011301047681484657
26_3_event+0,26,event,120.85367,23.70837,2017-06-06,2017,0.4342063069343567,0.32697242498397827,0.4136209189891815,0.36374199390411377,0.3115808963775635,0.3667714595794678,0.01701260449106703
26_3_ctrl-30,26,ctrl,120.85367,23.70837,2017-05-07,2017,0.2742292881011963,0.2719506621360779,0.24349579215049744,0.2781001925468445,0.26996684074401855,0.23085379600524902,0.01701260449106703
26_3_ctrl+30,26,ctrl,120.85367,23.70837,2017-07-06,2017,0.4007193148136139,0.40739932656288147,0.38615497946739197,0.3940031826496124,0.41080161929130554,0.38358989357948303,0.01701260449106703
26_4_event+0,26,event,120.85367,23.70837,2024-07-27,2024,0.43858975172042847,0.39339616894721985,0.4231233298778534,0.3901311457157135,0.3886606991291046,0.3789214789867401,0.01701260449106703
26_4_ctrl-30,26,ctrl,120.85367,23.70837,2024-06-27,2024,0.39652910828590393,0.39414623379707336,0.3845510482788086,0.387398362159729,0.389736533164978,0.37357670068740845,0.01701260449106703
26_4_ctrl+30,26,ctrl,120.85367,23.70837,2024-08-26,2024,0.4010316729545593,0.4124494791030884,0.3844301104545593,0.40595436096191406,0.4159776568412781,0.38071325421333313,0.01701260449106703
27_4_event+0,27,event,121.0857,24.00318,2023-01-01,2023,0.23403632640838623,0.24643468856811523,0.17244814336299896,0.23646698892116547,0.2495289295911789,0.16961069405078888,0.030445724517975805
27_4_ctrl-30,27,ctrl,121.0857,24.00318,2022-12-02,2023,0.265052855014801,0.288910448551178,0.22090035676956177,0.2710252106189728,0.292590856552124,0.23428493738174438,0.030445724517975805
27_4_ctrl+30,27,ctrl,121.0857,24.00318,2023-01-31,2023,0.2192572057247162,0.2270713597536087,0.15588033199310303,0.2204846739768982,0.2285929173231125,0.15606166422367096,0.030445724517975805
30_0_event+0,30,event,121.02864,24.54844,2019-08-10,2019,0.31204134225845337,0.29224467277526855,0.3168773055076599,0.2722722589969635,0.2934480905532837,0.23728536069393158,0.004202608553129254
30_0_ctrl-30,30,ctrl,121.02864,24.54844,2019-07-11,2019,0.3368651270866394,0.36688631772994995,0.30986660718917847,0.35350650548934937,0.36679336428642273,0.3296325206756592,0.004202608553129254
30_0_ctrl+30,30,ctrl,121.02864,24.54844,2019-09-09,2019,0.38315349817276,0.3735429644584656,0.3673124611377716,0.3871035575866699,0.3655841052532196,0.3829458951950073,0.004202608553129254
30_1_event+0,30,event,121.02864,24.54844,2022-07-03,2022,0.38983702659606934,0.4058423340320587,0.37868908047676086,0.3926585018634796,0.4071633517742157,0.38012614846229553,0.004202608553129254
30_1_ctrl-30,30,ctrl,121.02864,24.54844,2022-06-03,2022,0.40015777945518494,0.3967730700969696,0.38066884875297546,0.4131946861743927,0.3927524983882904,0.39338451623916626,0.004202608553129254
30_1_ctrl+30,30,ctrl,121.02864,24.54844,2022-08-02,2022,0.30177706480026245,0.3430693745613098,0.3053573966026306,0.30311188101768494,0.3517308831214905,0.29010942578315735,0.004202608553129254
30_2_event+0,30,event,121.02864,24.54844,2022-09-07,2022,0.29576408863067627,0.27852949500083923,0.2973101735115051,0.2828212082386017,0.27847617864608765,0.2779017686843872,0.004202608553129254
30_2_ctrl-30,30,ctrl,121.02864,24.54844,2022-08-08,2022,0.2942942976951599,0.32583579421043396,0.2784174978733063,0.3021627962589264,0.3348492980003357,0.30324074625968933,0.004202608553129254
30_2_ctrl+30,30,ctrl,121.02864,24.54844,2022-10-07,2022,0.24173051118850708,0.26629287004470825,0.1854722499847412,0.24583497643470764,0.2715153098106384,0.19315864145755768,0.004202608553129254
30_3_event+0,30,event,121.02864,24.54844,2024-10-31,2024,0.3651735186576843,0.366468220949173,0.3623220920562744,0.35720160603523254,0.36486536264419556,0.3608327805995941,0.004202608553129254
30_3_ctrl-30,30,ctrl,121.02864,24.54844,2024-10-01,2024,0.3502781093120575,0.3325071632862091,0.347547322511673,0.35657182335853577,0.33008795976638794,0.35564786195755005,0.004202608553129254
30_3_ctrl+30,30,ctrl,121.02864,24.54844,2024-11-30,2024,0.3699894845485687,0.3758038282394409,0.3525802493095398,0.37444302439689636,0.3749697208404541,0.3657469153404236,0.004202608553129254
31_0_event+0,31,event,120.6511,22.97299,2019-08-20,2019,0.4029705822467804,0.3701384663581848,0.38307973742485046,0.3952791392803192,0.3657839596271515,0.3812161684036255,0.007763651724355341
31_0_ctrl-30,31,ctrl,120.6511,22.97299,2019-07-21,2019,0.3638758063316345,0.35027065873146057,0.35433411598205566,0.3381595313549042,0.3481918275356293,0.30457255244255066,0.007763651724355341
31_0_ctrl+30,31,ctrl,120.6511,22.97299,2019-09-19,2019,0.3393065631389618,0.3707900643348694,0.3148292303085327,0.34780603647232056,0.37717118859291077,0.3189101219177246,0.007763651724355341
31_1_event+0,31,event,120.6511,22.97299,2021-08-04,2021,0.4180627167224884,0.3553418517112732,0.4006824493408203,0.39054208993911743,0.35011976957321167,0.38659921288490295,0.007763651724355341
31_1_ctrl-30,31,ctrl,120.6511,22.97299,2021-07-05,2021,0.360685259103775,0.36750251054763794,0.3359512388706207,0.37881216406822205,0.357082724571228,0.35148611664772034,0.007763651724355341
31_1_ctrl+30,31,ctrl,120.6511,22.97299,2021-09-03,2021,0.34359103441238403,0.3770222067832947,0.3284969925880432,0.3478845953941345,0.38437938690185547,0.3314131200313568,0.007763651724355341
31_2_event+0,31,event,120.6511,22.97299,2021-08-05,2021,0.4180852472782135,0.3575262129306793,0.4011339843273163,0.40544381737709045,0.3517484664916992,0.3963244557380676,0.007763651724355341
31_2_ctrl-30,31,ctrl,120.6511,22.97299,2021-07-06,2021,0.35723453760147095,0.3694893717765808,0.33665648102760315,0.3720456063747406,0.3606278598308563,0.3431771397590637,0.007763651724355341
31_2_ctrl+30,31,ctrl,120.6511,22.97299,2021-09-04,2021,0.3436681926250458,0.3747800886631012,0.33163881301879883,0.3466876149177551,0.3818487524986267,0.33143842220306396,0.007763651724355341
31_3_event+0,31,event,120.6511,22.97299,2024-07-29,2024,0.40098583698272705,0.31053948402404785,0.37481576204299927,0.3586132824420929,0.30296003818511963,0.3770539164543152,0.007763651724355341
31_3_ctrl-30,31,ctrl,120.6511,22.97299,2024-06-29,2024,0.3169345259666443,0.32322958111763,0.3048885464668274,0.3268783688545227,0.3168005347251892,0.3115275800228119,0.007763651724355341
31_3_ctrl+30,31,ctrl,120.6511,22.97299,2024-08-28,2024,0.34655144810676575,0.3675379455089569,0.33005625009536743,0.35188835859298706,0.3733162581920624,0.3327743709087372,0.007763651724355341
32_2_event+0,32,event,120.67035,23.01087,2017-07-31,2017,0.34319227933883667,0.32150906324386597,0.35011357069015503,0.30429142713546753,0.3185925781726837,0.3003603518009186,0.006502857322993508
32_2_ctrl-30,32,ctrl,120.67035,23.01087,2017-07-01,2017,0.32678836584091187,0.3263106346130371,0.31835246086120605,0.3331374228000641,0.31665101647377014,0.29640159010887146,0.006502857322993508
32_2_ctrl+30,32,ctrl,120.67035,23.01087,2017-08-30,2017,0.32449695467948914,0.3389263153076172,0.31340155005455017,0.3317197859287262,0.33930453658103943,0.3184482455253601,0.006502857322993508
32_3_event+0,32,event,120.67035,23.01087,2024-07-19,2024,0.2754134237766266,0.3066104054450989,0.2681063711643219,0.2850852608680725,0.31359848380088806,0.28044191002845764,0.006502857322993508
32_3_ctrl-30,32,ctrl,120.67035,23.01087,2024-06-19,2024,0.34497007727622986,0.2922661304473877,0.3348858058452606,0.3465999662876129,0.28043311834335327,0.3422180116176605,0.006502857322993508
32_3_ctrl+30,32,ctrl,120.67035,23.01087,2024-08-18,2024,0.3700861930847168,0.35958918929100037,0.35560402274131775,0.37016531825065613,0.35053879022598267,0.3525000810623169,0.006502857322993508
32_4_event+0,32,event,120.67035,23.01087,2024-08-15,2024,0.37016531825065613,0.35053879022598267,0.3525000810623169,0.3752816915512085,0.342557817697525,0.36122646927833557,0.006502857322993508
32_4_ctrl-30,32,ctrl,120.67035,23.01087,2024-07-16,2024,0.2850852608680725,0.31359848380088806,0.28044191002845764,0.29297539591789246,0.31969431042671204,0.2905782461166382,0.006502857322993508
32_4_ctrl+30,32,ctrl,120.67035,23.01087,2024-09-14,2024,0.36405956745147705,0.3564910888671875,0.3505341708660126,0.36554279923439026,0.3570924699306488,0.35072606801986694,0.006502857322993508
33_0_event+0,33,event,120.78767,23.18901,2017-08-14,2017,0.35720306634902954,0.3641365170478821,0.32314205169677734,0.3689814507961273,0.36380535364151,0.33383652567863464,0.0009313579624259235
33_0_ctrl-30,33,ctrl,120.78767,23.18901,2017-07-15,2017,0.3506689965724945,0.3716021180152893,0.3295162618160248,0.356859415769577,0.374355673789978,0.3335035443305969,0.0009313579624259235
33_0_ctrl+30,33,ctrl,120.78767,23.18901,2017-09-13,2017,0.34744924306869507,0.3630976974964142,0.3097405731678009,0.35976698994636536,0.3644247055053711,0.32473504543304443,0.0009313579624259235
33_1_event+0,33,event,120.78767,23.18901,2021-08-13,2021,0.4077130854129791,0.3795466125011444,0.38471469283103943,0.41883584856987,0.37312689423561096,0.4009164273738861,0.0009313579624259235
33_1_ctrl-30,33,ctrl,120.78767,23.18901,2021-07-14,2021,0.34003543853759766,0.3693546950817108,0.32762381434440613,0.34726637601852417,0.373462438583374,0.3201003074645996,0.0009313579624259235
33_1_ctrl+30,33,ctrl,120.78767,23.18901,2021-09-12,2021,0.34331145882606506,0.3645228147506714,0.3281184136867523,0.3456496596336365,0.37075501680374146,0.31662291288375854,0.0009313579624259235
33_2_event+0,33,event,120.78767,23.18901,2023-08-09,2023,0.3883051872253418,0.3123006522655487,0.365996390581131,0.3875906467437744,0.29979562759399414,0.37094613909721375,0.0009313579624259235
33_2_ctrl-30,33,ctrl,120.78767,23.18901,2023-07-10,2023,0.25589993596076965,0.2741042375564575,0.2032974660396576,0.2673903703689575,0.270668625831604,0.22203010320663452,0.0009313579624259235
33_2_ctrl+30,33,ctrl,120.78767,23.18901,2023-09-08,2023,0.4111150801181793,0.38641175627708435,0.3895569443702698,0.4056803584098816,0.3842984139919281,0.3867277503013611,0.0009313579624259235
33_3_event+0,33,event,120.78767,23.18901,2024-07-26,2024,0.33409494161605835,0.2899874448776245,0.3533513844013214,0.26079511642456055,0.28650835156440735,0.24691855907440186,0.0009313579624259235
33_3_ctrl-30,33,ctrl,120.78767,23.18901,2024-06-26,2024,0.31909167766571045,0.31304869055747986,0.29991745948791504,0.3282836675643921,0.30593404173851013,0.3101532757282257,0.0009313579624259235
33_3_ctrl+30,33,ctrl,120.78767,23.18901,2024-08-25,2024,0.3747866749763489,0.38106703758239746,0.3523465096950531,0.3836696445941925,0.3753618896007538,0.35602378845214844,0.0009313579624259235
33_4_event+0,33,event,120.78767,23.18901,2024-10-03,2024,0.38577160239219666,0.37348610162734985,0.37521472573280334,0.36555731296539307,0.3725986182689667,0.35249394178390503,0.0009313579624259235
33_4_ctrl-30,33,ctrl,120.78767,23.18901,2024-09-03,2024,0.37933412194252014,0.38137030601501465,0.35987505316734314,0.37462177872657776,0.38029444217681885,0.3567494750022888,0.0009313579624259235
33_4_ctrl+30,33,ctrl,120.78767,23.18901,2024-11-02,2024,0.3881074786186218,0.37217676639556885,0.3724830746650696,0.3572302460670471,0.3705255687236786,0.3463135063648224,0.0009313579624259235
38_0_event+0,38,event,121.03289,24.60056,2022-05-17,2022,0.41417962312698364,0.3661888837814331,0.39998045563697815,0.3974047899246216,0.36160150170326233,0.3929571807384491,0.005149166025794578
38_0_ctrl-30,38,ctrl,121.03289,24.60056,2022-04-17,2022,0.36508801579475403,0.38449162244796753,0.3432188034057617,0.37295135855674744,0.3838510811328888,0.3523590862751007,0.005149166025794578
38_0_ctrl+30,38,ctrl,121.03289,24.60056,2022-06-16,2022,0.4229888319969177,0.4106466472148895,0.40441620349884033,0.42948004603385925,0.40994828939437866,0.410600870847702,0.005149166025794578
38_1_event+0,38,event,121.03289,24.60056,2022-07-30,2022,0.2973860204219818,0.3482922315597534,0.2845514118671417,0.30629438161849976,0.3573240041732788,0.2841571569442749,0.005149166025794578
38_1_ctrl-30,38,ctrl,121.03289,24.60056,2022-06-30,2022,0.38967540860176086,0.4044778048992157,0.37551799416542053,0.39284026622772217,0.4071923792362213,0.38262078166007996,0.005149166025794578
38_1_ctrl+30,38,ctrl,121.03289,24.60056,2022-08-29,2022,0.26876264810562134,0.27891984581947327,0.26368796825408936,0.260484904050827,0.2815221846103668,0.22256353497505188,0.005149166025794578
38_2_event+0,38,event,121.03289,24.60056,2022-09-03,2022,0.27443820238113403,0.27535879611968994,0.2627391219139099,0.2744372487068176,0.2775130867958069,0.26632025837898254,0.005149166025794578
38_2_ctrl-30,38,ctrl,121.03289,24.60056,2022-08-04,2022,0.29729947447776794,0.3339022994041443,0.30388343334198,0.2952275574207306,0.3422605097293854,0.2934180498123169,0.005149166025794578
38_2_ctrl+30,38,ctrl,121.03289,24.60056,2022-10-03,2022,0.24927206337451935,0.27540451288223267,0.19903069734573364,0.2537301182746887,0.27767008543014526,0.20294824242591858,0.005149166025794578
38_3_event+0,38,event,121.03289,24.60056,2022-10-24,2022,0.30256763100624084,0.26540929079055786,0.2874547839164734,0.3071323335170746,0.2618311643600464,0.2823343276977539,0.005149166025794578
38_3_ctrl-30,38,ctrl,121.03289,24.60056,2022-09-24,2022,0.2646358907222748,0.28024202585220337,0.21183103322982788,0.27351540327072144,0.27993813157081604,0.22886520624160767,0.005149166025794578
38_3_ctrl+30,38,ctrl,121.03289,24.60056,2022-11-23,2022,0.3008895516395569,0.3163476288318634,0.2843529284000397,0.3055524528026581,0.3166033625602722,0.28570568561553955,0.005149166025794578
38_4_event+0,38,event,121.03289,24.60056,2023-04-19,2023,0.22719010710716248,0.2266782969236374,0.19509601593017578,0.2210540473461151,0.2260514199733734,0.14905261993408203,0.005149166025794578
38_4_ctrl-30,38,ctrl,121.03289,24.60056,2023-03-20,2023,0.22303158044815063,0.23781035840511322,0.1563253253698349,0.22525466978549957,0.2413812279701233,0.15292103588581085,0.005149166025794578
38_4_ctrl+30,38,ctrl,121.03289,24.60056,2023-05-19,2023,0.3128927946090698,0.28975287079811096,0.3167988955974579,0.2961826026439667,0.2801814377307892,0.28650468587875366,0.005149166025794578
39_0_event+0,39,event,120.91325,24.45761,2019-03-14,2019,0.3117547035217285,0.2434748262166977,0.2937476336956024,0.3060432970523834,0.23449435830116272,0.3224971294403076,0.0010865049547391504
39_0_ctrl-30,39,ctrl,120.91325,24.45761,2019-02-12,2019,0.2167334109544754,0.22537127137184143,0.1523164063692093,0.2181447148323059,0.22721721231937408,0.14902381598949432,0.0010865049547391504
39_0_ctrl+30,39,ctrl,120.91325,24.45761,2019-04-13,2019,0.2496994137763977,0.2772250473499298,0.18121014535427094,0.2562344968318939,0.2834022343158722,0.17997652292251587,0.0010865049547391504
39_1_event+0,39,event,120.91325,24.45761,2021-08-07,2021,0.4351469874382019,0.3846605718135834,0.42331650853157043,0.41232922673225403,0.37843626737594604,0.40349388122558594,0.0010865049547391504
39_1_ctrl-30,39,ctrl,120.91325,24.45761,2021-07-08,2021,0.3765343129634857,0.3877454996109009,0.3689093589782715,0.3809451162815094,0.38865071535110474,0.3656562864780426,0.0010865049547391504
39_1_ctrl+30,39,ctrl,120.91325,24.45761,2021-09-06,2021,0.36622318625450134,0.3939204514026642,0.36530688405036926,0.36218005418777466,0.39989563822746277,0.35334593057632446,0.0010865049547391504
39_2_event+0,39,event,120.91325,24.45761,2022-05-27,2022,0.413245290517807,0.38459479808807373,0.40403860807418823,0.39957448840141296,0.37737512588500977,0.3842316269874573,0.0010865049547391504
39_2_ctrl-30,39,ctrl,120.91325,24.45761,2022-04-27,2022,0.34128692746162415,0.37765344977378845,0.32637763023376465,0.3531501591205597,0.3833707273006439,0.34219372272491455,0.0010865049547391504
39_2_ctrl+30,39,ctrl,120.91325,24.45761,2022-06-26,2022,0.39481064677238464,0.4099912941455841,0.3866620659828186,0.39338481426239014,0.41112032532691956,0.37515127658843994,0.0010865049547391504
40_0_event+0,40,event,121.12147,24.01475,2017-06-09,2017,0.373234361410141,0.3035426139831543,0.3461966812610626,0.3904479146003723,0.2908822000026703,0.3723916709423065,0.008246269258895024
40_0_ctrl-30,40,ctrl,121.12147,24.01475,2017-05-10,2017,0.23853103816509247,0.24570263922214508,0.20995953679084778,0.2445814609527588,0.2456885576248169,0.21467766165733337,0.008246269258895024
40_0_ctrl+30,40,ctrl,121.12147,24.01475,2017-07-09,2017,0.35209938883781433,0.3703586459159851,0.33813023567199707,0.353405624628067,0.3726009130477905,0.33798298239707947,0.008246269258895024
40_1_event+0,40,event,121.12147,24.01475,2023-08-04,2023,0.3570340871810913,0.29778364300727844,0.35025936365127563,0.35075053572654724,0.29115206003189087,0.33685651421546936,0.008246269258895024
40_1_ctrl-30,40,ctrl,121.12147,24.01475,2023-07-05,2023,0.2902548909187317,0.30150341987609863,0.2718510031700134,0.2979515790939331,0.30153167247772217,0.297891229391098,0.008246269258895024
40_1_ctrl+30,40,ctrl,121.12147,24.01475,2023-09-03,2023,0.3613984286785126,0.368598073720932,0.35420018434524536,0.35452017188072205,0.36700212955474854,0.33905380964279175,0.008246269258895024
41_0_event+0,41,event,120.91892,24.46606,2022-02-18,2022,0.33156687021255493,0.3189201354980469,0.3260822296142578,0.32282713055610657,0.31267693638801575,0.32139691710472107,0.0031538624472041863
41_0_ctrl-30,41,ctrl,120.91892,24.46606,2022-01-19,2022,0.26597777009010315,0.2732514441013336,0.2299475371837616,0.26885706186294556,0.2729182243347168,0.23191829025745392,0.0031538624472041863
41_0_ctrl+30,41,ctrl,120.91892,24.46606,2022-03-20,2022,0.35003387928009033,0.3807430863380432,0.3481859266757965,0.3536810278892517,0.3789535164833069,0.3379945755004883,0.0031538624472041863
41_1_event+0,41,event,120.91892,24.46606,2023-07-31,2023,0.34198465943336487,0.29942047595977783,0.35022908449172974,0.31232863664627075,0.29681089520454407,0.32831886410713196,0.0031538624472041863
41_1_ctrl-30,41,ctrl,120.91892,24.46606,2023-07-01,2023,0.31585216522216797,0.3228267729282379,0.3171640634536743,0.3196914792060852,0.32389652729034424,0.31717830896377563,0.0031538624472041863
41_1_ctrl+30,41,ctrl,120.91892,24.46606,2023-08-30,2023,0.38291653990745544,0.38474899530410767,0.3689917325973511,0.3897191286087036,0.3808979094028473,0.37736958265304565,0.0031538624472041863
42_0_event+0,42,event,120.69672,23.10727,2021-08-02,2021,0.40544381737709045,0.3517484664916992,0.3963244557380676,0.3564220070838928,0.34779757261276245,0.35506168007850647,0.031651971303569386
42_0_ctrl-30,42,ctrl,120.69672,23.10727,2021-07-03,2021,0.3720456063747406,0.3606278598308563,0.3431771397590637,0.38553541898727417,0.34918224811553955,0.3670135736465454,0.031651971303569386
42_0_ctrl+30,42,ctrl,120.69672,23.10727,2021-09-01,2021,0.3466876149177551,0.3818487524986267,0.33143842220306396,0.3509673476219177,0.38713255524635315,0.33541449904441833,0.031651971303569386
43_1_event+0,43,event,120.74633,23.06484,2018-08-25,2018,0.402449369430542,0.362710565328598,0.3922542929649353,0.3613020181655884,0.35780012607574463,0.35163798928260803,0.0006625975565165863
43_1_ctrl-30,43,ctrl,120.74633,23.06484,2018-07-26,2018,0.3632526993751526,0.35817214846611023,0.3456084430217743,0.3607320785522461,0.35774561762809753,0.3481556177139282,0.0006625975565165863
43_1_ctrl+30,43,ctrl,120.74633,23.06484,2018-09-24,2018,0.3553466498851776,0.3826531171798706,0.33639487624168396,0.36538976430892944,0.38682931661605835,0.3350345194339752,0.0006625975565165863
43_2_event+0,43,event,120.74633,23.06484,2021-08-08,2021,0.4263797104358673,0.3690687119960785,0.4147985577583313,0.4229680597782135,0.3626275658607483,0.4059900939464569,0.0006625975565165863
43_2_ctrl-30,43,ctrl,120.74633,23.06484,2021-07-09,2021,0.35704123973846436,0.3774401843547821,0.33232948184013367,0.3657718300819397,0.378341943025589,0.3436373770236969,0.0006625975565165863
43_2_ctrl+30,43,ctrl,120.74633,23.06484,2021-09-07,2021,0.3519655168056488,0.374208927154541,0.3352070450782776,0.3514997661113739,0.3815569579601288,0.33698320388793945,0.0006625975565165863
44_1_event+0,44,event,120.85453,23.70095,2017-06-04,2017,0.3918963670730591,0.31700512766838074,0.3921668529510498,0.3293989300727844,0.30380868911743164,0.3243520259857178,0.02928254214421709
44_1_ctrl-30,44,ctrl,120.85453,23.70095,2017-05-05,2017,0.27618685364723206,0.2705685794353485,0.23293249309062958,0.28344419598579407,0.26902878284454346,0.2441437989473343,0.02928254214421709
44_1_ctrl+30,44,ctrl,120.85453,23.70095,2017-07-04,2017,0.3979017734527588,0.4097609221935272,0.3860945403575897,0.38554614782333374,0.407471626996994,0.37424159049987793,0.02928254214421709
44_2_event+0,44,event,120.85453,23.70095,2024-07-25,2024,0.40730488300323486,0.39061832427978516,0.3941666781902313,0.3849623203277588,0.38780078291893005,0.3660827577114105,0.02928254214421709
44_2_ctrl-30,44,ctrl,120.85453,23.70095,2024-06-25,2024,0.38935399055480957,0.39113903045654297,0.3770233392715454,0.38829487562179565,0.3875315189361572,0.3733806908130646,0.02928254214421709
44_2_ctrl+30,44,ctrl,120.85453,23.70095,2024-08-24,2024,0.4024127721786499,0.4154406785964966,0.3810286223888397,0.4138426184654236,0.41465532779693604,0.39320385456085205,0.02928254214421709
45_3_event+0,45,event,120.86826,23.56235,2024-10-03,2024,0.3915480077266693,0.39239147305488586,0.37802964448928833,0.38676291704177856,0.39341139793395996,0.3702734410762787,0.017857178161644192
45_3_ctrl-30,45,ctrl,120.86826,23.56235,2024-09-03,2024,0.40076419711112976,0.41115468740463257,0.37770548462867737,0.40537312626838684,0.41249585151672363,0.38546350598335266,0.017857178161644192
45_3_ctrl+30,45,ctrl,120.86826,23.56235,2024-11-02,2024,0.4072871506214142,0.39379167556762695,0.3890647888183594,0.3831218481063843,0.39138880372047424,0.3679550886154175,0.017857178161644192
46_2_event+0,46,event,120.66605,23.01414,2021-08-10,2021,0.41547891497612,0.3693180978298187,0.39797529578208923,0.42108219861984253,0.36213022470474243,0.4090724289417267,0.009499140126585471
46_2_ctrl-30,46,ctrl,120.66605,23.01414,2021-07-11,2021,0.33724135160446167,0.36788806319236755,0.3183760643005371,0.3501175343990326,0.36950093507766724,0.32919836044311523,0.009499140126585471
46_2_ctrl+30,46,ctrl,120.66605,23.01414,2021-09-09,2021,0.33943551778793335,0.3620831072330475,0.31683653593063354,0.3458908498287201,0.3698972165584564,0.33522799611091614,0.009499140126585471
46_3_event+0,46,event,120.66605,23.01414,2024-09-11,2024,0.36554279923439026,0.3570924699306488,0.35072606801986694,0.35555559396743774,0.3580992519855499,0.34692004323005676,0.009499140126585471
46_3_ctrl-30,46,ctrl,120.66605,23.01414,2024-08-12,2024,0.3752816915512085,0.342557817697525,0.36122646927833557,0.3711179196834564,0.3345280885696411,0.35699915885925293,0.009499140126585471
46_3_ctrl+30,46,ctrl,120.66605,23.01414,2024-10-11,2024,0.383491575717926,0.37083712220191956,0.3634665906429291,0.3858785033226013,0.3693391680717468,0.36609897017478943,0.009499140126585471
47_3_event+0,47,event,120.73883,23.52847,2024-09-06,2024,0.3747546076774597,0.38949936628341675,0.3559430241584778,0.37998121976852417,0.3908608555793762,0.3590739667415619,0.00390974456603964
47_3_ctrl-30,47,ctrl,120.73883,23.52847,2024-08-07,2024,0.3897218406200409,0.38023367524147034,0.36957186460494995,0.39440321922302246,0.37652501463890076,0.3690909743309021,0.00390974456603964
47_3_ctrl+30,47,ctrl,120.73883,23.52847,2024-10-06,2024,0.37470948696136475,0.375175803899765,0.3594701290130615,0.3724673092365265,0.37508848309516907,0.36029714345932007,0.00390974456603964
48_2_event+0,48,event,120.64865,22.9813,2019-08-16,2019,0.3896990716457367,0.36355990171432495,0.37673866748809814,0.372672438621521,0.3589935600757599,0.36186233162879944,0.020441579139820202
48_2_ctrl-30,48,ctrl,120.64865,22.9813,2019-07-17,2019,0.34265339374542236,0.34923821687698364,0.30643999576568604,0.3591594696044922,0.35274767875671387,0.333370566368103,0.020441579139820202
48_2_ctrl+30,48,ctrl,120.64865,22.9813,2019-09-15,2019,0.35154181718826294,0.3792252838611603,0.3203512728214264,0.3662220537662506,0.38257673382759094,0.343421995639801,0.020441579139820202
48_3_event+0,48,event,120.64865,22.9813,2024-07-29,2024,0.40098583698272705,0.31053948402404785,0.37481576204299927,0.3586132824420929,0.30296003818511963,0.3770539164543152,0.020441579139820202
48_3_ctrl-30,48,ctrl,120.64865,22.9813,2024-06-29,2024,0.3169345259666443,0.32322958111763,0.3048885464668274,0.3268783688545227,0.3168005347251892,0.3115275800228119,0.020441579139820202
48_3_ctrl+30,48,ctrl,120.64865,22.9813,2024-08-28,2024,0.34655144810676575,0.3675379455089569,0.33005625009536743,0.35188835859298706,0.3733162581920624,0.3327743709087372,0.020441579139820202
49_2_event+0,49,event,120.80313,23.22112,2017-06-14,2017,0.38097360730171204,0.3273133635520935,0.36393043398857117,0.3842194378376007,0.3134932518005371,0.3613254725933075,0.004430845752326197
49_2_ctrl-30,49,ctrl,120.80313,23.22112,2017-05-15,2017,0.24014756083488464,0.2526402175426483,0.221441388130188,0.24064770340919495,0.2536383271217346,0.19064390659332275,0.004430845752326197
49_2_ctrl+30,49,ctrl,120.80313,23.22112,2017-07-14,2017,0.3560088872909546,0.37612810730934143,0.3371778726577759,0.3626951277256012,0.37827569246292114,0.341641902923584,0.004430845752326197
49_3_event+0,49,event,120.80313,23.22112,2024-11-01,2024,0.37424904108047485,0.3666556477546692,0.3639650344848633,0.3499899208545685,0.3652728497982025,0.3401874601840973,0.004430845752326197
49_3_ctrl-30,49,ctrl,120.80313,23.22112,2024-10-02,2024,0.3706904947757721,0.3729158937931061,0.3613027334213257,0.3610924482345581,0.37381139397621155,0.34348106384277344,0.004430845752326197
49_3_ctrl+30,49,ctrl,120.80313,23.22112,2024-12-01,2024,0.3408282399177551,0.36159685254096985,0.3132508099079132,0.34755268692970276,0.3640793561935425,0.32094696164131165,0.004430845752326197
50_3_event+0,50,event,120.87687,23.66829,2021-07-28,2021,0.385846883058548,0.38551026582717896,0.3650037944316864,0.39176851511001587,0.3870985805988312,0.3675902187824249,0.022228325368504668
50_3_ctrl-30,50,ctrl,120.87687,23.66829,2021-06-28,2021,0.40122342109680176,0.3833893835544586,0.3804680407047272,0.4094853401184082,0.3661724030971527,0.3890253007411957,0.022228325368504668
50_3_ctrl+30,50,ctrl,120.87687,23.66829,2021-08-27,2021,0.3860197961330414,0.4124389886856079,0.3612910211086273,0.39657190442085266,0.41261276602745056,0.3741304278373718,0.022228325368504668
51_3_event+0,51,event,120.73412,23.53064,2019-05-20,2019,0.29587942361831665,0.25845250487327576,0.3257959485054016,0.25608688592910767,0.25109729170799255,0.25839442014694214,0.0035581927528557395
51_3_ctrl-30,51,ctrl,120.73412,23.53064,2019-04-20,2019,0.2374989241361618,0.2217663824558258,0.24456363916397095,0.20691202580928802,0.2209789901971817,0.16567067801952362,0.0035581927528557395
51_3_ctrl+30,51,ctrl,120.73412,23.53064,2019-06-19,2019,0.3906646966934204,0.36518409848213196,0.36239081621170044,0.39934632182121277,0.3549762964248657,0.3731558620929718,0.0035581927528557395
52_3_event+0,52,event,120.87871,23.57529,2017-06-08,2017,0.40149369835853577,0.3202162981033325,0.377144992351532,0.4011995792388916,0.307435542345047,0.3968256115913391,0.011303990417953727
52_3_ctrl-30,52,ctrl,120.87871,23.57529,2017-05-09,2017,0.2647498548030853,0.2670520842075348,0.23334823548793793,0.2695971727371216,0.26600944995880127,0.2383303940296173,0.011303990417953727
52_3_ctrl+30,52,ctrl,120.87871,23.57529,2017-07-08,2017,0.37345090508461,0.3836483955383301,0.35669800639152527,0.37151485681533813,0.38655975461006165,0.3542860150337219,0.011303990417953727
53_3_event+0,53,event,120.67953,23.08607,2016-01-01,2016,0.19766642153263092,0.20899741351604462,0.12521369755268097,0.20157572627067566,0.21019411087036133,0.1355293095111847,0.024459599041734965
53_3_ctrl-30,53,ctrl,120.67953,23.08607,2015-12-02,2016,0.20840318500995636,0.23001864552497864,0.14418283104896545,0.21400491893291473,0.23582914471626282,0.160757914185524,0.024459599041734965
53_3_ctrl+30,53,ctrl,120.67953,23.08607,2016-01-31,2016,0.253868043422699,0.23517097532749176,0.2614757716655731,0.23738689720630646,0.22946326434612274,0.22268524765968323,0.024459599041734965
61_0_event+0,61,event,121.03173,23.18311,2019-05-25,2019,0.28219160437583923,0.22122381627559662,0.29264289140701294,0.27572906017303467,0.21386437118053436,0.3126421272754669,0.005416955392490605
61_0_ctrl-30,61,ctrl,121.03173,23.18311,2019-04-25,2019,0.2027166336774826,0.1840662658214569,0.17306464910507202,0.2135821282863617,0.18271581828594208,0.23937679827213287,0.005416955392490605
61_0_ctrl+30,61,ctrl,121.03173,23.18311,2019-06-24,2019,0.30667898058891296,0.30297866463661194,0.31866225600242615,0.31649813055992126,0.3006340265274048,0.3129652440547943,0.005416955392490605
62_0_event+0,62,event,121.78898,24.41211,2020-12-01,2020,0.21425274014472961,0.22100184857845306,0.17101897299289703,0.21547351777553558,0.22234758734703064,0.16694016754627228,0.00025011977104818584
62_0_ctrl-30,62,ctrl,121.78898,24.41211,2020-11-01,2020,0.2271151840686798,0.22466722130775452,0.1731792688369751,0.23244191706180573,0.2252812683582306,0.18944063782691956,0.00025011977104818584
62_0_ctrl+30,62,ctrl,121.78898,24.41211,2020-12-31,2020,0.2061878740787506,0.21083752810955048,0.15579991042613983,0.2086474597454071,0.21166589856147766,0.16516678035259247,0.00025011977104818584
62_1_event+0,62,event,121.78898,24.41211,2023-01-06,2023,0.283212274312973,0.29552915692329407,0.2773502767086029,0.2837594449520111,0.29883667826652527,0.27220043540000916,0.00025011977104818584
62_1_ctrl-30,62,ctrl,121.78898,24.41211,2022-12-07,2023,0.31675785779953003,0.33079108595848083,0.28951138257980347,0.3215620517730713,0.33576664328575134,0.29512763023376465,0.00025011977104818584
62_1_ctrl+30,62,ctrl,121.78898,24.41211,2023-02-05,2023,0.26408663392066956,0.2665354609489441,0.26153913140296936,0.2503681182861328,0.26786887645721436,0.21337419748306274,0.00025011977104818584
62_2_event+0,62,event,121.78898,24.41211,2023-06-04,2023,0.2614838182926178,0.2605523467063904,0.2408159375190735,0.2677726149559021,0.257389098405838,0.25248831510543823,0.00025011977104818584
62_2_ctrl-30,62,ctrl,121.78898,24.41211,2023-05-05,2023,0.22680355608463287,0.22547762095928192,0.1859600692987442,0.23153825104236603,0.22574320435523987,0.20270352065563202,0.00025011977104818584
62_2_ctrl+30,62,ctrl,121.78898,24.41211,2023-07-04,2023,0.28304970264434814,0.28022268414497375,0.27346956729888916,0.2743253707885742,0.27834197878837585,0.2777029275894165,0.00025011977104818584
63_1_event+0,63,event,120.86204,23.71571,2024-07-27,2024,0.43858975172042847,0.39339616894721985,0.4231233298778534,0.3901311457157135,0.3886606991291046,0.3789214789867401,0.012443303323750435
63_1_ctrl-30,63,ctrl,120.86204,23.71571,2024-06-27,2024,0.39652910828590393,0.39414623379707336,0.3845510482788086,0.387398362159729,0.389736533164978,0.37357670068740845,0.012443303323750435
63_1_ctrl+30,63,ctrl,120.86204,23.71571,2024-08-26,2024,0.4010316729545593,0.4124494791030884,0.3844301104545593,0.40595436096191406,0.4159776568412781,0.38071325421333313,0.012443303323750435
64_0_event+0,64,event,121.11241,23.1375,2019-09-07,2019,0.3627311587333679,0.34193354845046997,0.3548075556755066,0.3614334464073181,0.33508944511413574,0.34839969873428345,0
64_0_ctrl-30,64,ctrl,121.11241,23.1375,2019-08-08,2019,0.2921956777572632,0.29543569684028625,0.2926994562149048,0.298409104347229,0.29812079668045044,0.3033077120780945,0
64_0_ctrl+30,64,ctrl,121.11241,23.1375,2019-10-07,2019,0.32365456223487854,0.3300405740737915,0.317095011472702,0.3288724720478058,0.3337247967720032,0.31081780791282654,0
64_1_event+0,64,event,121.11241,23.1375,2020-11-06,2020,0.276771605014801,0.282058447599411,0.26927492022514343,0.2785913646221161,0.28410717844963074,0.26239100098609924,0
64_1_ctrl-30,64,ctrl,121.11241,23.1375,2020-10-07,2020,0.2971636950969696,0.308296799659729,0.27786922454833984,0.3057556450366974,0.3085038661956787,0.2908077538013458,0
64_1_ctrl+30,64,ctrl,121.11241,23.1375,2020-12-06,2020,0.26767921447753906,0.2823095917701721,0.24606135487556458,0.27060890197753906,0.2829393148422241,0.2528297007083893,0
65_0_event+0,65,event,121.00365,23.23916,2023-05-27,2023,0.21132008731365204,0.19318711757659912,0.1962800920009613,0.21224239468574524,0.18965955078601837,0.2204979509115219,0
65_0_ctrl-30,65,ctrl,121.00365,23.23916,2023-04-27,2023,0.17401430010795593,0.1718999594449997,0.13564719259738922,0.17554670572280884,0.17194171249866486,0.14930056035518646,0
65_0_ctrl+30,65,ctrl,121.00365,23.23916,2023-06-26,2023,0.25861188769340515,0.23420661687850952,0.2606787085533142,0.26442426443099976,0.22972024977207184,0.24903330206871033,0
65_1_event+0,65,event,121.00365,23.23916,2023-09-22,2023,0.33474403619766235,0.3658488094806671,0.3348916172981262,0.34840521216392517,0.3661162555217743,0.3488906919956207,0
65_1_ctrl-30,65,ctrl,121.00365,23.23916,2023-08-23,2023,0.33636918663978577,0.3385210633277893,0.3494398593902588,0.3364748954772949,0.32837367057800293,0.3477584719657898,0
65_1_ctrl+30,65,ctrl,121.00365,23.23916,2023-10-22,2023,0.3137214183807373,0.319001168012619,0.3195309638977051,0.316659539937973,0.3212433159351349,0.319244384765625,0
65_2_event+0,65,event,121.00365,23.23916,2024-06-08,2024,0.2802354693412781,0.24200846254825592,0.30869734287261963,0.27054256200790405,0.2361043244600296,0.30115336179733276,0
65_2_ctrl-30,65,ctrl,121.00365,23.23916,2024-05-09,2024,0.22304894030094147,0.20570755004882812,0.22258447110652924,0.22470420598983765,0.20220361649990082,0.22018416225910187,0
65_2_ctrl+30,65,ctrl,121.00365,23.23916,2024-07-08,2024,0.24385976791381836,0.2764219343662262,0.2307836413383484,0.2528410255908966,0.2797575294971466,0.24268311262130737,0
66_3_event+0,66,event,120.74622,23.59147,2024-10-04,2024,0.37350016832351685,0.3750769793987274,0.36017906665802,0.36941859126091003,0.37556466460227966,0.3550816774368286,0.0024916473347117852
66_3_ctrl-30,66,ctrl,120.74622,23.59147,2024-09-04,2024,0.37774986028671265,0.3903762102127075,0.3560525178909302,0.3831498622894287,0.3919360935688019,0.3659519553184509,0.0024916473347117852
66_3_ctrl+30,66,ctrl,120.74622,23.59147,2024-11-03,2024,0.3897527754306793,0.37057560682296753,0.3716020882129669,0.3656688332557678,0.36878907680511475,0.35460230708122253,0.0024916473347117852
67_3_event+0,67,event,121.78704,24.47381,2023-10-21,2023,0.29537153244018555,0.29803651571273804,0.2681567668914795,0.30208492279052734,0.30044257640838623,0.275071918964386,0.02427801624129931
67_3_ctrl-30,67,ctrl,121.78704,24.47381,2023-09-21,2023,0.31728842854499817,0.3235764801502228,0.2911301851272583,0.3284595310688019,0.3213261663913727,0.30558544397354126,0.02427801624129931
67_3_ctrl+30,67,ctrl,121.78704,24.47381,2023-11-20,2023,0.25986647605895996,0.27281713485717773,0.2180883288383484,0.26584237813949585,0.2764323949813843,0.2519528269767761,0.02427801624129931
68_3_event+0,68,event,121.09642,24.00331,2023-08-29,2023,0.40045467019081116,0.4048639237880707,0.3790060877799988,0.40451306104660034,0.4041273295879364,0.38626062870025635,0.01396339636913766
68_3_ctrl-30,68,ctrl,121.09642,24.00331,2023-07-30,2023,0.39235150814056396,0.32894086837768555,0.3837035000324249,0.34054216742515564,0.32252615690231323,0.34475937485694885,0.01396339636913766
68_3_ctrl+30,68,ctrl,121.09642,24.00331,2023-09-28,2023,0.357009619474411,0.3935243487358093,0.33864036202430725,0.36524301767349243,0.3980328142642975,0.3459087014198303,0.01396339636913766
69_0_event+0,69,event,121.49959,23.96425,2018-09-16,2018,0.39909639954566956,0.38967418670654297,0.38566091656684875,0.3875190317630768,0.38441768288612366,0.3682270646095276,0.030802332854152473
69_0_ctrl-30,69,ctrl,121.49959,23.96425,2018-08-17,2018,0.3510627746582031,0.3564413785934448,0.358039915561676,0.33966222405433655,0.35814622044563293,0.3327575922012329,0.030802332854152473
69_0_ctrl+30,69,ctrl,121.49959,23.96425,2018-10-16,2018,0.3803216814994812,0.38786786794662476,0.3659950792789459,0.3754054605960846,0.38906311988830566,0.3733663856983185,0.030802332854152473
69_1_event+0,69,event,121.49959,23.96425,2021-10-12,2021,0.38166725635528564,0.3756715655326843,0.38081908226013184,0.35352736711502075,0.37282562255859375,0.3477918803691864,0.030802332854152473
69_1_ctrl-30,69,ctrl,121.49959,23.96425,2021-09-12,2021,0.37068572640419006,0.3931812644004822,0.36269864439964294,0.36519235372543335,0.3983783423900604,0.34366148710250854,0.030802332854152473
69_1_ctrl+30,69,ctrl,121.49959,23.96425,2021-11-11,2021,0.3950408399105072,0.41628241539001465,0.37316006422042847,0.39910659193992615,0.41321128606796265,0.37649452686309814,0.030802332854152473
69_2_event+0,69,event,121.49959,23.96425,2023-07-27,2023,0.3838694989681244,0.3741323947906494,0.3837532103061676,0.3521362543106079,0.37449705600738525,0.33631595969200134,0.030802332854152473
69_2_ctrl-30,69,ctrl,121.49959,23.96425,2023-06-27,2023,0.3985615670681,0.3998123109340668,0.3756215274333954,0.40721991658210754,0.40047889947891235,0.38254058361053467,0.030802332854152473
69_2_ctrl+30,69,ctrl,121.49959,23.96425,2023-08-26,2023,0.40590542554855347,0.42343902587890625,0.387454628944397,0.41066041588783264,0.4194532036781311,0.3900778293609619,0.030802332854152473
69_3_event+0,69,event,121.49959,23.96425,2023-09-04,2023,0.428469717502594,0.41720277070999146,0.4161956310272217,0.40475717186927795,0.416595458984375,0.388906866312027,0.030802332854152473
69_3_ctrl-30,69,ctrl,121.49959,23.96425,2023-08-05,2023,0.4336504340171814,0.3857123851776123,0.41374167799949646,0.43105050921440125,0.3816215693950653,0.40773263573646545,0.030802332854152473
69_3_ctrl+30,69,ctrl,121.49959,23.96425,2023-10-04,2023,0.38349679112434387,0.41415518522262573,0.3641532063484192,0.3894301652908325,0.41771239042282104,0.36680540442466736,0.030802332854152473
70_1_event+0,70,event,120.93019,22.42059,2021-10-13,2021,0.29933685064315796,0.2864155173301697,0.31818443536758423,0.25752440094947815,0.2863197922706604,0.2466699779033661,0.003281598557540758
70_1_ctrl-30,70,ctrl,120.93019,22.42059,2021-09-13,2021,0.3163619637489319,0.3290817141532898,0.3064537048339844,0.29912927746772766,0.3353988826274872,0.26140737533569336,0.003281598557540758
70_1_ctrl+30,70,ctrl,120.93019,22.42059,2021-11-12,2021,0.2824215888977051,0.31945163011550903,0.2417811006307602,0.2890012264251709,0.31951606273651123,0.2563073933124542,0.003281598557540758
70_2_event+0,70,event,120.93019,22.42059,2021-10-18,2021,0.36041060090065,0.29376378655433655,0.3190566897392273,0.3559819757938385,0.28980767726898193,0.36235567927360535,0.003281598557540758
70_2_ctrl-30,70,ctrl,120.93019,22.42059,2021-09-18,2021,0.3141500651836395,0.32095131278038025,0.29257699847221375,0.3227308392524719,0.3255547881126404,0.3011227548122406,0.003281598557540758
70_2_ctrl+30,70,ctrl,120.93019,22.42059,2021-11-17,2021,0.27038058638572693,0.3045443296432495,0.22651790082454681,0.27782803773880005,0.3136955499649048,0.23538902401924133,0.003281598557540758
70_3_event+0,70,event,120.93019,22.42059,2023-07-27,2023,0.2592948377132416,0.24573557078838348,0.2685531675815582,0.2313324213027954,0.24538211524486542,0.18328937888145447,0.003281598557540758
70_3_ctrl-30,70,ctrl,120.93019,22.42059,2023-06-27,2023,0.26608094573020935,0.22339387238025665,0.22091075778007507,0.27764609456062317,0.21349473297595978,0.2141045182943344,0.003281598557540758
70_3_ctrl+30,70,ctrl,120.93019,22.42059,2023-08-26,2023,0.29251736402511597,0.31354179978370667,0.2844425439834595,0.299755722284317,0.3084142506122589,0.27132630348205566,0.003281598557540758
71_3_event+0,71,event,120.96978,24.17269,2023-08-04,2023,0.33792245388031006,0.28509965538978577,0.3353744149208069,0.33358439803123474,0.27890023589134216,0.32323041558265686,0.008709166782233761
71_3_ctrl-30,71,ctrl,120.96978,24.17269,2023-07-05,2023,0.27395087480545044,0.28058362007141113,0.2538265585899353,0.28209388256073,0.2794000506401062,0.2841239869594574,0.008709166782233761
71_3_ctrl+30,71,ctrl,120.96978,24.17269,2023-09-03,2023,0.3490884006023407,0.35732921957969666,0.3425310254096985,0.3473142087459564,0.35535818338394165,0.3257290720939636,0.008709166782233761
72_3_event+0,72,event,121.55074,24.849,2021-07-13,2021,0.32775363326072693,0.3617090880870819,0.31843101978302,0.33804062008857727,0.3681868314743042,0.3222827911376953,0.008637600544643078
72_3_ctrl-30,72,ctrl,121.55074,24.849,2021-06-13,2021,0.39347317814826965,0.31718745827674866,0.3819613456726074,0.3961135745048523,0.3067503273487091,0.3819347620010376,0.008637600544643078
72_3_ctrl+30,72,ctrl,121.55074,24.849,2021-08-12,2021,0.41890546679496765,0.3530023694038391,0.39880290627479553,0.4314091205596924,0.34445685148239136,0.4127889573574066,0.008637600544643078
75_0_event+0,75,event,120.86523,24.40733,2021-06-25,2021,0.3640904426574707,0.30941781401634216,0.3545099198818207,0.3376878798007965,0.29069262742996216,0.3341427445411682,0.03721736685495259
75_0_ctrl-30,75,ctrl,120.86523,24.40733,2021-05-26,2021,0.17087006568908691,0.18463337421417236,0.12904590368270874,0.17128372192382812,0.18441811203956604,0.10470876097679138,0.03721736685495259
75_0_ctrl+30,75,ctrl,120.86523,24.40733,2021-07-25,2021,0.32366853952407837,0.33221763372421265,0.3253767788410187,0.3198794722557068,0.33626481890678406,0.32289567589759827,0.03721736685495259
75_1_event+0,75,event,120.86523,24.40733,2021-08-04,2021,0.3693871796131134,0.32780662178993225,0.36571693420410156,0.32859522104263306,0.32471731305122375,0.3410250246524811,0.03721736685495259
75_1_ctrl-30,75,ctrl,120.86523,24.40733,2021-07-05,2021,0.33879271149635315,0.3440088927745819,0.3199600279331207,0.3524983823299408,0.3394218981266022,0.33197394013404846,0.03721736685495259
75_1_ctrl+30,75,ctrl,120.86523,24.40733,2021-09-03,2021,0.31710559129714966,0.35802796483039856,0.30628782510757446,0.32423728704452515,0.3631219267845154,0.3055189549922943,0.03721736685495259
76_0_event+0,76,event,121.66648,24.20691,2024-04-03,2024,0.2748256325721741,0.28563377261161804,0.24965529143810272,0.2774239182472229,0.2877406179904938,0.25142672657966614,0.0002587902320949055
76_0_ctrl-30,76,ctrl,121.66648,24.20691,2024-03-04,2024,0.29570135474205017,0.30631309747695923,0.28788137435913086,0.2964537441730499,0.3083937466144562,0.2847268581390381,0.0002587902320949055
76_0_ctrl+30,76,ctrl,121.66648,24.20691,2024-05-03,2024,0.2829182744026184,0.2742115259170532,0.27624815702438354,0.2844613194465637,0.2734667956829071,0.276461124420166,0.0002587902320949055
76_1_event+0,76,event,121.66648,24.20691,2024-07-24,2024,0.26458367705345154,0.28984740376472473,0.2597574293613434,0.2569631338119507,0.2953447103500366,0.2142951637506485,0.0002587902320949055
76_1_ctrl-30,76,ctrl,121.66648,24.20691,2024-06-24,2024,0.3253181576728821,0.3177652657032013,0.3217081129550934,0.32499346137046814,0.31465673446655273,0.32420581579208374,0.0002587902320949055
76_1_ctrl+30,76,ctrl,121.66648,24.20691,2024-08-23,2024,0.37747281789779663,0.3625621497631073,0.35491061210632324,0.3848477602005005,0.35061031579971313,0.3717648386955261,0.0002587902320949055
76_2_event+0,76,event,121.66648,24.20691,2024-11-01,2024,0.412862628698349,0.3915550708770752,0.39494410157203674,0.3910525441169739,0.38792693614959717,0.36883968114852905,0.0002587902320949055
76_2_ctrl-30,76,ctrl,121.66648,24.20691,2024-10-02,2024,0.3890930116176605,0.3445754647254944,0.38360458612442017,0.3505980372428894,0.3403868079185486,0.35155245661735535,0.0002587902320949055
76_2_ctrl+30,76,ctrl,121.66648,24.20691,2024-12-01,2024,0.36690855026245117,0.38730481266975403,0.3403645157814026,0.37142929434776306,0.39116838574409485,0.3474716246128082,0.0002587902320949055
77_2_event+0,77,event,120.67981,22.91066,2024-04-01,2024,0.16949574649333954,0.1740887612104416,0.14188484847545624,0.1679038405418396,0.17467936873435974,0.1173054426908493,0.005038070681981517
77_2_ctrl-30,77,ctrl,120.67981,22.91066,2024-03-02,2024,0.17616872489452362,0.18637971580028534,0.10861170291900635,0.17750149965286255,0.18785063922405243,0.0965685322880745,0.005038070681981517
77_2_ctrl+30,77,ctrl,120.67981,22.91066,2024-05-01,2024,0.22244763374328613,0.18152688443660736,0.19806243479251862,0.21600297093391418,0.17644858360290527,0.2373056262731552,0.005038070681981517
77_3_event+0,77,event,120.67981,22.91066,2024-09-13,2024,0.361085444688797,0.3521069586277008,0.3466339707374573,0.36137744784355164,0.3530116081237793,0.3523285984992981,0.005038070681981517
77_3_ctrl-30,77,ctrl,120.67981,22.91066,2024-08-14,2024,0.3682692348957062,0.34228411316871643,0.35160452127456665,0.36967989802360535,0.3340034484863281,0.35747474431991577,0.005038070681981517
77_3_ctrl+30,77,ctrl,120.67981,22.91066,2024-10-13,2024,0.37491804361343384,0.3698144555091858,0.3549988567829132,0.3841002881526947,0.3686641752719879,0.36636123061180115,0.005038070681981517
78_2_event+0,78,event,121.71832,24.24722,2022-05-23,2022,0.39212819933891296,0.3595852553844452,0.360503613948822,0.4001202881336212,0.3540160059928894,0.3700210154056549,0.013829865103378717
78_2_ctrl-30,78,ctrl,121.71832,24.24722,2022-04-23,2022,0.33560293912887573,0.3581608235836029,0.31295228004455566,0.33736029267311096,0.35990726947784424,0.29108741879463196,0.013829865103378717
78_2_ctrl+30,78,ctrl,121.71832,24.24722,2022-06-22,2022,0.3933253586292267,0.4116794168949127,0.3536492586135864,0.4062877297401428,0.41181859374046326,0.373060941696167,0.013829865103378717
78_3_event+0,78,event,121.71832,24.24722,2024-06-30,2024,0.2662055492401123,0.27715563774108887,0.22700746357440948,0.27315449714660645,0.27570974826812744,0.24606849253177643,0.013829865103378717
78_3_ctrl-30,78,ctrl,121.71832,24.24722,2024-05-31,2024,0.2523144781589508,0.24622997641563416,0.23322634398937225,0.25006985664367676,0.24549292027950287,0.2270697057247162,0.013829865103378717
78_3_ctrl+30,78,ctrl,121.71832,24.24722,2024-07-30,2024,0.34957489371299744,0.2595469653606415,0.33104848861694336,0.3345034718513489,0.251729279756546,0.3650529086589813,0.013829865103378717
79_0_event+0,79,event,121.13112,24.25011,2019-03-14,2019,0.277590274810791,0.21812309324741364,0.2583739459514618,0.2694679796695709,0.21134604513645172,0.290327787399292,0
79_0_ctrl-30,79,ctrl,121.13112,24.25011,2019-02-12,2019,0.20557542145252228,0.2194572538137436,0.1431763917207718,0.20859843492507935,0.222256138920784,0.14617042243480682,0
79_0_ctrl+30,79,ctrl,121.13112,24.25011,2019-04-13,2019,0.2237423062324524,0.2491033375263214,0.17031346261501312,0.23023924231529236,0.25447723269462585,0.17122560739517212,0
79_1_event+0,79,event,121.13112,24.25011,2024-06-02,2024,0.35480692982673645,0.3318348526954651,0.34959349036216736,0.3419676125049591,0.3291718065738678,0.3388533592224121,0
79_1_ctrl-30,79,ctrl,121.13112,24.25011,2024-05-03,2024,0.33187636733055115,0.243738055229187,0.3273191750049591,0.3151018023490906,0.23185692727565765,0.31467679142951965,0
79_1_ctrl+30,79,ctrl,121.13112,24.25011,2024-07-02,2024,0.3376339077949524,0.3558416962623596,0.3185146152973175,0.3470906913280487,0.35736343264579773,0.3312169909477234,0
79_2_event+0,79,event,121.13112,24.25011,2024-08-24,2024,0.34351035952568054,0.34874212741851807,0.32392972707748413,0.3524264395236969,0.34238916635513306,0.33775681257247925,0
79_2_ctrl-30,79,ctrl,121.13112,24.25011,2024-07-25,2024,0.29692864418029785,0.3090422749519348,0.31658533215522766,0.2696595788002014,0.3123568594455719,0.2606399655342102,0
79_2_ctrl+30,79,ctrl,121.13112,24.25011,2024-09-23,2024,0.3474092185497284,0.34805843234062195,0.34104418754577637,0.3417913615703583,0.3476318418979645,0.3256691098213196,0
79_3_event+0,79,event,121.13112,24.25011,2024-10-04,2024,0.3536275029182434,0.3488270044326782,0.3434924781322479,0.34548112750053406,0.34754809737205505,0.33482950925827026,0
79_3_ctrl-30,79,ctrl,121.13112,24.25011,2024-09-04,2024,0.3400271534919739,0.34658458828926086,0.3218602240085602,0.346427857875824,0.34670373797416687,0.33557403087615967,0
79_3_ctrl+30,79,ctrl,121.13112,24.25011,2024-11-03,2024,0.3756123483181,0.35213595628738403,0.36291903257369995,0.3538742959499359,0.34968042373657227,0.3453976511955261,0
80_2_event+0,80,event,121.45126,24.53145,2017-07-30,2017,0.3126281201839447,0.33990105986595154,0.30950552225112915,0.30317094922065735,0.34489354491233826,0.27753257751464844,0.0026831074009154993
80_2_ctrl-30,80,ctrl,121.45126,24.53145,2017-06-30,2017,0.3683587312698364,0.3833441138267517,0.3533552587032318,0.37557438015937805,0.3819727897644043,0.3520866930484772,0.0026831074009154993
80_2_ctrl+30,80,ctrl,121.45126,24.53145,2017-08-29,2017,0.2736331522464752,0.3039509057998657,0.2483961284160614,0.28388673067092896,0.3069097697734833,0.2710692286491394,0.0026831074009154993
80_3_event+0,80,event,121.45126,24.53145,2017-08-10,2017,0.3162785768508911,0.32782402634620667,0.2790383994579315,0.32900235056877136,0.33242446184158325,0.3000841438770294,0.0026831074009154993
80_3_ctrl-30,80,ctrl,121.45126,24.53145,2017-07-11,2017,0.36023083329200745,0.378445029258728,0.3388838768005371,0.36394086480140686,0.3805154263973236,0.3494119346141815,0.0026831074009154993
80_3_ctrl+30,80,ctrl,121.45126,24.53145,2017-09-09,2017,0.29942184686660767,0.28959256410598755,0.27685654163360596,0.3082641661167145,0.291536808013916,0.30664902925491333,0.0026831074009154993
83_0_event+0,83,event,121.45583,24.53897,2017-07-30,2017,0.3126281201839447,0.33990105986595154,0.30950552225112915,0.30317094922065735,0.34489354491233826,0.27753257751464844,0.0015375528011398734
83_0_ctrl-30,83,ctrl,121.45583,24.53897,2017-06-30,2017,0.3683587312698364,0.3833441138267517,0.3533552587032318,0.37557438015937805,0.3819727897644043,0.3520866930484772,0.0015375528011398734
83_0_ctrl+30,83,ctrl,121.45583,24.53897,2017-08-29,2017,0.2736331522464752,0.3039509057998657,0.2483961284160614,0.28388673067092896,0.3069097697734833,0.2710692286491394,0.0015375528011398734
83_1_event+0,83,event,121.45583,24.53897,2017-08-10,2017,0.3162785768508911,0.32782402634620667,0.2790383994579315,0.32900235056877136,0.33242446184158325,0.3000841438770294,0.0015375528011398734
83_1_ctrl-30,83,ctrl,121.45583,24.53897,2017-07-11,2017,0.36023083329200745,0.378445029258728,0.3388838768005371,0.36394086480140686,0.3805154263973236,0.3494119346141815,0.0015375528011398734
83_1_ctrl+30,83,ctrl,121.45583,24.53897,2017-09-09,2017,0.29942184686660767,0.28959256410598755,0.27685654163360596,0.3082641661167145,0.291536808013916,0.30664902925491333,0.0015375528011398734
83_2_event+0,83,event,121.45583,24.53897,2017-10-13,2017,0.3089815080165863,0.2788099944591522,0.33000436425209045,0.2863193452358246,0.27626553177833557,0.2944251298904419,0.0015375528011398734
83_2_ctrl-30,83,ctrl,121.45583,24.53897,2017-09-13,2017,0.2887257933616638,0.2874702215194702,0.2685990631580353,0.29716017842292786,0.28906992077827454,0.2780812978744507,0.0015375528011398734
83_2_ctrl+30,83,ctrl,121.45583,24.53897,2017-11-12,2017,0.36119428277015686,0.3731735348701477,0.3446425497531891,0.3640708923339844,0.36704567074775696,0.3489025831222534,0.0015375528011398734
83_3_event+0,83,event,121.45583,24.53897,2017-10-13,2017,0.3089815080165863,0.2788099944591522,0.33000436425209045,0.2863193452358246,0.27626553177833557,0.2944251298904419,0.0015375528011398734
83_3_ctrl-30,83,ctrl,121.45583,24.53897,2017-09-13,2017,0.2887257933616638,0.2874702215194702,0.2685990631580353,0.29716017842292786,0.28906992077827454,0.2780812978744507,0.0015375528011398734
83_3_ctrl+30,83,ctrl,121.45583,24.53897,2017-11-12,2017,0.36119428277015686,0.3731735348701477,0.3446425497531891,0.3640708923339844,0.36704567074775696,0.3489025831222534,0.0015375528011398734
84_0_event+0,84,event,121.03165,24.53939,2018-05-10,2018,0.27610886096954346,0.27109554409980774,0.2698177695274353,0.2519471049308777,0.2698921263217926,0.197429358959198,0.006481681776343167
84_0_ctrl-30,84,ctrl,121.03165,24.53939,2018-04-10,2018,0.26929140090942383,0.2889181971549988,0.2280096560716629,0.27352339029312134,0.2924507260322571,0.23956094682216644,0.006481681776343167
84_0_ctrl+30,84,ctrl,121.03165,24.53939,2018-06-09,2018,0.2250562161207199,0.24189797043800354,0.19130146503448486,0.22391702234745026,0.24659495055675507,0.17114754021167755,0.006481681776343167
84_1_event+0,84,event,121.03165,24.53939,2019-05-25,2019,0.372210830450058,0.32012709975242615,0.3587706685066223,0.365864634513855,0.3135744035243988,0.3574114143848419,0.006481681776343167
84_1_ctrl-30,84,ctrl,121.03165,24.53939,2019-04-25,2019,0.30138951539993286,0.2760469913482666,0.25566810369491577,0.3007117211818695,0.275474488735199,0.31516721844673157,0.006481681776343167
84_1_ctrl+30,84,ctrl,121.03165,24.53939,2019-06-24,2019,0.3816072642803192,0.37542641162872314,0.35915908217430115,0.37289080023765564,0.37395939230918884,0.3230970799922943,0.006481681776343167
85_0_event+0,85,event,121.1858,24.13872,2020-05-24,2020,0.3311377763748169,0.2451947033405304,0.33773016929626465,0.2832418382167816,0.23533742129802704,0.315197616815567,0.00912052859880964
85_0_ctrl-30,85,ctrl,121.1858,24.13872,2020-04-24,2020,0.23974907398223877,0.2471025139093399,0.21798788011074066,0.24040651321411133,0.24596604704856873,0.1884147673845291,0.00912052859880964
85_0_ctrl+30,85,ctrl,121.1858,24.13872,2020-06-23,2020,0.3120359480381012,0.34022217988967896,0.2788059115409851,0.3246810734272003,0.34203729033470154,0.28847217559814453,0.00912052859880964
85_1_event+0,85,event,121.1858,24.13872,2021-09-02,2021,0.32342350482940674,0.3659217953681946,0.30100923776626587,0.3323286473751068,0.37080976366996765,0.3038802742958069,0.00912052859880964
85_1_ctrl-30,85,ctrl,121.1858,24.13872,2021-08-03,2021,0.3756600320339203,0.32956603169441223,0.37032651901245117,0.32672953605651855,0.32587137818336487,0.3282354772090912,0.00912052859880964
85_1_ctrl+30,85,ctrl,121.1858,24.13872,2021-10-02,2021,0.29659727215766907,0.31684231758117676,0.2753880023956299,0.3070439100265503,0.31973743438720703,0.28502964973449707,0.00912052859880964
86_1_event+0,86,event,121.4065,24.67401,2022-10-02,2022,0.27538591623306274,0.2896241843700409,0.25414589047431946,0.28284966945648193,0.28697124123573303,0.2760300934314728,0.0011954368932038835
86_1_ctrl-30,86,ctrl,121.4065,24.67401,2022-09-02,2022,0.2471802979707718,0.2602769434452057,0.2314959615468979,0.24916665256023407,0.26374945044517517,0.2510928511619568,0.0011954368932038835
86_1_ctrl+30,86,ctrl,121.4065,24.67401,2022-11-01,2022,0.3756331205368042,0.32662561535835266,0.36994317173957825,0.36026912927627563,0.3166089653968811,0.3439168930053711,0.0011954368932038835
87_0_event+0,87,event,120.75384,23.14633,2021-06-19,2021,0.3604446053504944,0.27054837346076965,0.3419245481491089,0.3704524040222168,0.25036197900772095,0.35218873620033264,0.0005162386049854373
87_0_ctrl-30,87,ctrl,120.75384,23.14633,2021-05-20,2021,0.14981184899806976,0.15761525928974152,0.072572261095047,0.15233951807022095,0.1583956629037857,0.0733458399772644,0.0005162386049854373
87_0_ctrl+30,87,ctrl,120.75384,23.14633,2021-07-19,2021,0.3381139039993286,0.3531848192214966,0.33585473895072937,0.33086320757865906,0.3553304970264435,0.3305007815361023,0.0005162386049854373
88_0_event+0,88,event,120.88681,24.4445,2021-05-29,2021,0.2231655716896057,0.23423178493976593,0.19244033098220825,0.21755623817443848,0.23406890034675598,0.16581100225448608,0.017114036260023197
88_0_ctrl-30,88,ctrl,120.88681,24.4445,2021-04-29,2021,0.23235251009464264,0.23227345943450928,0.21451476216316223,0.2185525894165039,0.23441077768802643,0.16012300550937653,0.017114036260023197
88_0_ctrl+30,88,ctrl,120.88681,24.4445,2021-06-28,2021,0.39676785469055176,0.37200483679771423,0.38244786858558655,0.4037594795227051,0.35468965768814087,0.39256152510643005,0.017114036260023197
88_1_event+0,88,event,120.88681,24.4445,2023-04-20,2023,0.2436646968126297,0.22380486130714417,0.2288971245288849,0.21510876715183258,0.21972307562828064,0.13698893785476685,0.017114036260023197
88_1_ctrl-30,88,ctrl,120.88681,24.4445,2023-03-21,2023,0.2123020440340042,0.2230086624622345,0.15463222563266754,0.21327915787696838,0.22576886415481567,0.1418103128671646,0.017114036260023197
88_1_ctrl+30,88,ctrl,120.88681,24.4445,2023-05-20,2023,0.3190518021583557,0.28435423970222473,0.32892274856567383,0.29478612542152405,0.2745671272277832,0.2876571714878082,0.017114036260023197
89_1_event+0,89,event,120.56978,23.37189,2019-08-26,2019,0.3986803889274597,0.3834694027900696,0.3804223835468292,0.402354896068573,0.3789043426513672,0.38539591431617737,0.004099059387214728
89_1_ctrl-30,89,ctrl,120.56978,23.37189,2019-07-27,2019,0.3529356122016907,0.35046595335006714,0.3417203426361084,0.3561854660511017,0.35142770409584045,0.34519022703170776,0.004099059387214728
89_1_ctrl+30,89,ctrl,120.56978,23.37189,2019-09-25,2019,0.3413669764995575,0.37787553668022156,0.3129589259624481,0.3529808521270752,0.38373270630836487,0.3273963928222656,0.004099059387214728
90_0_event+0,90,event,120.77606,23.16902,2017-06-05,2017,0.3477137088775635,0.24868722259998322,0.3641069531440735,0.2665369212627411,0.23410582542419434,0.2862776517868042,0.005978107665153808
90_0_ctrl-30,90,ctrl,120.77606,23.16902,2017-05-06,2017,0.21485435962677002,0.21547186374664307,0.16265442967414856,0.2207842320203781,0.21426458656787872,0.16748590767383575,0.005978107665153808
90_0_ctrl+30,90,ctrl,120.77606,23.16902,2017-07-05,2017,0.34534984827041626,0.360260009765625,0.3348463177680969,0.3425354063510895,0.35974952578544617,0.3360680341720581,0.005978107665153808
90_1_event+0,90,event,120.77606,23.16902,2024-07-26,2024,0.35220417380332947,0.29621198773384094,0.3685677945613861,0.2712843120098114,0.2906803786754608,0.27540284395217896,0.005978107665153808
90_1_ctrl-30,90,ctrl,120.77606,23.16902,2024-06-26,2024,0.3183775246143341,0.31015899777412415,0.305223673582077,0.3280401825904846,0.3018512725830078,0.31406548619270325,0.005978107665153808
90_1_ctrl+30,90,ctrl,120.77606,23.16902,2024-08-25,2024,0.3601045310497284,0.37648728489875793,0.3407030999660492,0.37195655703544617,0.3740597069263458,0.34763073921203613,0.005978107665153808
91_1_event+0,91,event,120.68548,23.06906,2021-08-10,2021,0.41547891497612,0.3693180978298187,0.39797529578208923,0.42108219861984253,0.36213022470474243,0.4090724289417267,0.01280696363728061
91_1_ctrl-30,91,ctrl,120.68548,23.06906,2021-07-11,2021,0.33724135160446167,0.36788806319236755,0.3183760643005371,0.3501175343990326,0.36950093507766724,0.32919836044311523,0.01280696363728061
91_1_ctrl+30,91,ctrl,120.68548,23.06906,2021-09-09,2021,0.33943551778793335,0.3620831072330475,0.31683653593063354,0.3458908498287201,0.3698972165584564,0.33522799611091614,0.01280696363728061
92_0_event+0,92,event,121.83286,24.49277,2022-05-13,2022,0.3348229229450226,0.3130088150501251,0.3319658041000366,0.3223263621330261,0.311950147151947,0.32431578636169434,0.00043110491873557874
92_0_ctrl-30,92,ctrl,121.83286,24.49277,2022-04-13,2022,0.3247482478618622,0.32965779304504395,0.29472336173057556,0.3320760428905487,0.3288573920726776,0.29951488971710205,0.00043110491873557874
92_0_ctrl+30,92,ctrl,121.83286,24.49277,2022-06-12,2022,0.37607237696647644,0.362216591835022,0.35919544100761414,0.3668840825557709,0.3578912913799286,0.3548795282840729,0.00043110491873557874
92_1_event+0,92,event,121.83286,24.49277,2024-07-28,2024,0.3013745844364166,0.20313102006912231,0.3031758964061737,0.22773830592632294,0.19402775168418884,0.24480761587619781,0.00043110491873557874
92_1_ctrl-30,92,ctrl,121.83286,24.49277,2024-06-28,2024,0.2054104059934616,0.20769643783569336,0.17453064024448395,0.20858842134475708,0.20685000717639923,0.1896972507238388,0.00043110491873557874
92_1_ctrl+30,92,ctrl,121.83286,24.49277,2024-08-27,2024,0.28475433588027954,0.2835552990436554,0.27749183773994446,0.2900189161300659,0.28545892238616943,0.28341200947761536,0.00043110491873557874
93_0_event+0,93,event,121.20983,24.17083,2021-06-09,2021,0.37310630083084106,0.24221786856651306,0.3605194687843323,0.330346018075943,0.22653135657310486,0.3387187123298645,0.006072445531571516
93_0_ctrl-30,93,ctrl,121.20983,24.17083,2021-05-10,2021,0.20951908826828003,0.20862199366092682,0.1470148265361786,0.2143193632364273,0.2092021405696869,0.17767846584320068,0.006072445531571516
93_0_ctrl+30,93,ctrl,121.20983,24.17083,2021-07-09,2021,0.34022223949432373,0.36666110157966614,0.31830283999443054,0.3498378396034241,0.3700554370880127,0.3246707022190094,0.006072445531571516
93_1_event+0,93,event,121.20983,24.17083,2022-05-28,2022,0.39970189332962036,0.3680762052536011,0.38213470578193665,0.3824664056301117,0.3612493574619293,0.3618040084838867,0.006072445531571516
93_1_ctrl-30,93,ctrl,121.20983,24.17083,2022-04-28,2022,0.331114798784256,0.3539046347141266,0.30715230107307434,0.3377017676830292,0.3586863875389099,0.3269428312778473,0.006072445531571516
93_1_ctrl+30,93,ctrl,121.20983,24.17083,2022-06-27,2022,0.3620365858078003,0.38266709446907043,0.34708306193351746,0.3610844910144806,0.38610023260116577,0.3391859233379364,0.006072445531571516
94_0_event+0,94,event,121.28573,24.61991,2017-01-06,2017,0.2979046106338501,0.31689509749412537,0.2770704925060272,0.3035173714160919,0.32125410437583923,0.27829286456108093,0.0031556669440871593
94_0_ctrl-30,94,ctrl,121.28573,24.61991,2016-12-07,2017,0.3419475257396698,0.3297003209590912,0.32384684681892395,0.34419456124305725,0.32834115624427795,0.31806012988090515,0.0031556669440871593
94_0_ctrl+30,94,ctrl,121.28573,24.61991,2017-02-05,2017,0.2663187086582184,0.28166577219963074,0.25152310729026794,0.2687346339225769,0.2848184406757355,0.24295441806316376,0.0031556669440871593
94_1_event+0,94,event,121.28573,24.61991,2020-06-30,2020,0.28445038199424744,0.32484185695648193,0.281728059053421,0.29252922534942627,0.33303123712539673,0.29193800687789917,0.0031556669440871593
94_1_ctrl-30,94,ctrl,121.28573,24.61991,2020-05-31,2020,0.3651239573955536,0.3025009334087372,0.3480225205421448,0.36251887679100037,0.2944880723953247,0.3541233539581299,0.0031556669440871593
94_1_ctrl+30,94,ctrl,121.28573,24.61991,2020-07-30,2020,0.24729850888252258,0.26260581612586975,0.2564243674278259,0.24299997091293335,0.2663286328315735,0.24384848773479462,0.0031556669440871593
95_1_event+0,95,event,120.85442,23.82087,2024-07-25,2024,0.35713645815849304,0.3435623347759247,0.35225459933280945,0.33252930641174316,0.3410947322845459,0.3169296681880951,0.08649660093802011
95_1_ctrl-30,95,ctrl,120.85442,23.82087,2024-06-25,2024,0.34496307373046875,0.3416405916213989,0.3392053544521332,0.3432464897632599,0.3367909789085388,0.3331553339958191,0.08649660093802011
95_1_ctrl+30,95,ctrl,120.85442,23.82087,2024-08-24,2024,0.3577076196670532,0.37110695242881775,0.3388003706932068,0.3687034845352173,0.36953696608543396,0.3524656891822815,0.08649660093802011
96_1_event+0,96,event,120.70915,23.12578,2023-03-11,2023,0.157992422580719,0.16562457382678986,0.08339009433984756,0.15993264317512512,0.16734838485717773,0.08937814831733704,0.003741331567996974
96_1_ctrl-30,96,ctrl,120.70915,23.12578,2023-02-09,2023,0.17513032257556915,0.1838221400976181,0.11141878366470337,0.1766294538974762,0.18581151962280273,0.1086006909608841,0.003741331567996974
96_1_ctrl+30,96,ctrl,120.70915,23.12578,2023-04-10,2023,0.1479559987783432,0.15178975462913513,0.08694388717412949,0.1488862931728363,0.15280474722385406,0.08665578812360764,0.003741331567996974
97_1_event+0,97,event,121.01066,22.66537,2017-10-16,2017,0.409227579832077,0.3355924189090729,0.40948161482810974,0.32067736983299255,0.32647648453712463,0.32218804955482483,0.009353202461103964
97_1_ctrl-30,97,ctrl,121.01066,22.66537,2017-09-16,2017,0.33316701650619507,0.33925363421440125,0.30198583006858826,0.34845632314682007,0.33551669120788574,0.3283677399158478,0.009353202461103964
97_1_ctrl+30,97,ctrl,121.01066,22.66537,2017-11-15,2017,0.3661699593067169,0.38493719696998596,0.35327500104904175,0.36861005425453186,0.3883762061595917,0.3570326864719391,0.009353202461103964
97_2_event+0,97,event,121.01066,22.66537,2024-10-04,2024,0.45263636112213135,0.4151415526866913,0.4385102391242981,0.42436379194259644,0.40876442193984985,0.41349858045578003,0.009353202461103964
97_2_ctrl-30,97,ctrl,121.01066,22.66537,2024-09-04,2024,0.3911287486553192,0.39077284932136536,0.3824346661567688,0.38402342796325684,0.3890899419784546,0.37261533737182617,0.009353202461103964
97_2_ctrl+30,97,ctrl,121.01066,22.66537,2024-11-03,2024,0.42467159032821655,0.4103315770626068,0.40242403745651245,0.4167809784412384,0.41335323452949524,0.4016629457473755,0.009353202461103964
98_2_event+0,98,event,120.74605,23.57616,2024-10-04,2024,0.37350016832351685,0.3750769793987274,0.36017906665802,0.36941859126091003,0.37556466460227966,0.3550816774368286,0.012903279660055228
98_2_ctrl-30,98,ctrl,120.74605,23.57616,2024-09-04,2024,0.37774986028671265,0.3903762102127075,0.3560525178909302,0.3831498622894287,0.3919360935688019,0.3659519553184509,0.012903279660055228
98_2_ctrl+30,98,ctrl,120.74605,23.57616,2024-11-03,2024,0.3897527754306793,0.37057560682296753,0.3716020882129669,0.3656688332557678,0.36878907680511475,0.35460230708122253,0.012903279660055228
99_2_event+0,99,event,120.69533,23.22793,2024-10-02,2024,0.3621518909931183,0.37072789669036865,0.3549208641052246,0.3618977963924408,0.37199413776397705,0.3478725552558899,0.004746936228156442
99_2_ctrl-30,99,ctrl,120.69533,23.22793,2024-09-02,2024,0.37569838762283325,0.3817013204097748,0.36232444643974304,0.3680837154388428,0.38288700580596924,0.3543415069580078,0.004746936228156442
99_2_ctrl+30,99,ctrl,120.69533,23.22793,2024-11-01,2024,0.3666954040527344,0.35955122113227844,0.3618030250072479,0.3434016704559326,0.358299195766449,0.3404953181743622,0.004746936228156442
100_1_event+0,100,event,120.70931,23.1197,2020-05-22,2020,0.24030998349189758,0.19386647641658783,0.27741652727127075,0.18927431106567383,0.18809174001216888,0.16602113842964172,0.0027148884125583156
100_1_ctrl-30,100,ctrl,120.70931,23.1197,2020-04-22,2020,0.19355283677577972,0.19834645092487335,0.108216293156147,0.1987001597881317,0.19893209636211395,0.11298386752605438,0.0027148884125583156
100_1_ctrl+30,100,ctrl,120.70931,23.1197,2020-06-21,2020,0.31108659505844116,0.3402477502822876,0.27006033062934875,0.3255443274974823,0.3308553397655487,0.2849826514720917,0.0027148884125583156
100_2_event+0,100,event,120.70931,23.1197,2024-09-30,2024,0.37328773736953735,0.37072527408599854,0.36082786321640015,0.37145528197288513,0.3688299059867859,0.34863242506980896,0.0027148884125583156
100_2_ctrl-30,100,ctrl,120.70931,23.1197,2024-08-31,2024,0.3569558560848236,0.373918354511261,0.3414577841758728,0.3626972436904907,0.3768555521965027,0.3448339104652405,0.0027148884125583156
100_2_ctrl+30,100,ctrl,120.70931,23.1197,2024-10-30,2024,0.3626939058303833,0.3751532733440399,0.35225921869277954,0.35320842266082764,0.37567219138145447,0.34161245822906494,0.0027148884125583156
101_2_event+0,101,event,120.67577,23.53966,2024-09-06,2024,0.34584206342697144,0.3594169616699219,0.33513137698173523,0.3486373722553253,0.3612007200717926,0.3359210193157196,0.021399131257092408
101_2_ctrl-30,101,ctrl,120.67577,23.53966,2024-08-07,2024,0.36467939615249634,0.35777467489242554,0.3499508202075958,0.37181031703948975,0.353804349899292,0.3502521812915802,0.021399131257092408
101_2_ctrl+30,101,ctrl,120.67577,23.53966,2024-10-06,2024,0.34969207644462585,0.3511906564235687,0.340448796749115,0.34852033853530884,0.35065534710884094,0.34303775429725647,0.021399131257092408
102_2_event+0,102,event,120.85446,23.90912,2024-09-04,2024,0.3553995192050934,0.3672664165496826,0.340542733669281,0.35814645886421204,0.369211882352829,0.3505784869194031,0.0070887356089933545
102_2_ctrl-30,102,ctrl,120.85446,23.90912,2024-08-05,2024,0.3720720708370209,0.3460589349269867,0.3551202118396759,0.3825782835483551,0.3432965576648712,0.3657721281051636,0.0070887356089933545
102_2_ctrl+30,102,ctrl,120.85446,23.90912,2024-10-04,2024,0.35420602560043335,0.353137731552124,0.346603661775589,0.35489869117736816,0.3534342050552368,0.3461639881134033,0.0070887356089933545
103_1_event+0,103,event,121.37959,24.4399,2021-01-12,2021,0.2883598804473877,0.2934333384037018,0.274998277425766,0.28904780745506287,0.2945241332054138,0.27741801738739014,0.017386885803986837
103_1_ctrl-30,103,ctrl,121.37959,24.4399,2020-12-13,2021,0.298993855714798,0.29419633746147156,0.2953038513660431,0.29286494851112366,0.2945300042629242,0.2980918884277344,0.017386885803986837
103_1_ctrl+30,103,ctrl,121.37959,24.4399,2021-02-11,2021,0.26801422238349915,0.27372726798057556,0.2631101906299591,0.2613537013530731,0.2754337191581726,0.2337019145488739,0.017386885803986837
103_2_event+0,103,event,121.37959,24.4399,2024-07-25,2024,0.314553827047348,0.31869247555732727,0.321183443069458,0.2991480827331543,0.31876662373542786,0.28169676661491394,0.017386885803986837
103_2_ctrl-30,103,ctrl,121.37959,24.4399,2024-06-25,2024,0.32315364480018616,0.3215286433696747,0.32571688294410706,0.3206285238265991,0.31968098878860474,0.3204104006290436,0.017386885803986837
103_2_ctrl+30,103,ctrl,121.37959,24.4399,2024-08-24,2024,0.3686705529689789,0.35358771681785583,0.3530070185661316,0.37251800298690796,0.34729084372520447,0.359505295753479,0.017386885803986837
104_2_event+0,104,event,120.68999,23.103,2024-08-15,2024,0.37016531825065613,0.35053879022598267,0.3525000810623169,0.3752816915512085,0.342557817697525,0.36122646927833557,0.03439441845804703
104_2_ctrl-30,104,ctrl,120.68999,23.103,2024-07-16,2024,0.2850852608680725,0.31359848380088806,0.28044191002845764,0.29297539591789246,0.31969431042671204,0.2905782461166382,0.03439441845804703
104_2_ctrl+30,104,ctrl,120.68999,23.103,2024-09-14,2024,0.36405956745147705,0.3564910888671875,0.3505341708660126,0.36554279923439026,0.3570924699306488,0.35072606801986694,0.03439441845804703
105_2_event+0,105,event,120.68031,23.09448,2024-08-15,2024,0.37016531825065613,0.35053879022598267,0.3525000810623169,0.3752816915512085,0.342557817697525,0.36122646927833557,0.022320440505307747
105_2_ctrl-30,105,ctrl,120.68031,23.09448,2024-07-16,2024,0.2850852608680725,0.31359848380088806,0.28044191002845764,0.29297539591789246,0.31969431042671204,0.2905782461166382,0.022320440505307747
105_2_ctrl+30,105,ctrl,120.68031,23.09448,2024-09-14,2024,0.36405956745147705,0.3564910888671875,0.3505341708660126,0.36554279923439026,0.3570924699306488,0.35072606801986694,0.022320440505307747
106_1_event+0,106,event,120.56318,23.37711,2019-08-16,2019,0.40417203307151794,0.36575716733932495,0.39082252979278564,0.3840440511703491,0.35939469933509827,0.3761560022830963,0.006908380409563196
106_1_ctrl-30,106,ctrl,120.56318,23.37711,2019-07-17,2019,0.33627140522003174,0.350007563829422,0.3047577142715454,0.35107994079589844,0.35255226492881775,0.331386923789978,0.006908380409563196
106_1_ctrl+30,106,ctrl,120.56318,23.37711,2019-09-15,2019,0.37481147050857544,0.3949068784713745,0.3498159945011139,0.38735929131507874,0.3976883590221405,0.36706167459487915,0.006908380409563196
106_2_event+0,106,event,120.56318,23.37711,2024-08-15,2024,0.38279780745506287,0.37454962730407715,0.3671916723251343,0.3878840208053589,0.36735856533050537,0.3737429082393646,0.006908380409563196
106_2_ctrl-30,106,ctrl,120.56318,23.37711,2024-07-16,2024,0.3085295855998993,0.31350550055503845,0.3191293776035309,0.3078952133655548,0.317168653011322,0.3105408549308777,0.006908380409563196
106_2_ctrl+30,106,ctrl,120.56318,23.37711,2024-09-14,2024,0.3744924068450928,0.3760438859462738,0.3641292452812195,0.37229377031326294,0.37676912546157837,0.3613917827606201,0.006908380409563196
107_0_event+0,107,event,120.46169,22.83217,2016-09-29,2016,0.37117570638656616,0.3625606298446655,0.3871540427207947,0.34609541296958923,0.3551408052444458,0.35489827394485474,0.03868593818956713
107_0_ctrl-30,107,ctrl,120.46169,22.83217,2016-08-30,2016,0.30468153953552246,0.31093528866767883,0.30665111541748047,0.3092179596424103,0.31007590889930725,0.30706125497817993,0.03868593818956713
107_0_ctrl+30,107,ctrl,120.46169,22.83217,2016-10-29,2016,0.33148300647735596,0.371168851852417,0.3421448767185211,0.3424954116344452,0.3743617534637451,0.3515470623970032,0.03868593818956713
107_1_event+0,107,event,120.46169,22.83217,2021-11-03,2021,0.30579277873039246,0.3164888918399811,0.30637601017951965,0.3103178143501282,0.3161270320415497,0.3165562152862549,0.03868593818956713
107_1_ctrl-30,107,ctrl,120.46169,22.83217,2021-10-04,2021,0.30057474970817566,0.3176760971546173,0.3010883629322052,0.3043823838233948,0.32060182094573975,0.30354487895965576,0.03868593818956713
107_1_ctrl+30,107,ctrl,120.46169,22.83217,2021-12-03,2021,0.27410465478897095,0.2858560085296631,0.2625322937965393,0.2769244909286499,0.2890661060810089,0.2878623604774475,0.03868593818956713
107_2_event+0,107,event,120.46169,22.83217,2024-07-25,2024,0.3168056011199951,0.2918437719345093,0.36501607298851013,0.27671903371810913,0.2893742620944977,0.28680503368377686,0.03868593818956713
107_2_ctrl-30,107,ctrl,120.46169,22.83217,2024-06-25,2024,0.3028841018676758,0.29608848690986633,0.3112616539001465,0.30801743268966675,0.28989171981811523,0.322501003742218,0.03868593818956713
107_2_ctrl+30,107,ctrl,120.46169,22.83217,2024-08-24,2024,0.3452768623828888,0.3606170117855072,0.3576321005821228,0.35618463158607483,0.35626837611198425,0.3745167851448059,0.03868593818956713
108_1_event+0,108,event,121.03393,22.70322,2017-10-15,2017,0.3048969507217407,0.2628200948238373,0.32862189412117004,0.24601967632770538,0.2576788365840912,0.24455921351909637,0.05626129589469438
108_1_ctrl-30,108,ctrl,121.03393,22.70322,2017-09-15,2017,0.26935234665870667,0.2700594663619995,0.22271133959293365,0.28147727251052856,0.26635977625846863,0.23658433556556702,0.05626129589469438
108_1_ctrl+30,108,ctrl,121.03393,22.70322,2017-11-14,2017,0.2731444835662842,0.29695361852645874,0.26903271675109863,0.27514782547950745,0.29829564690589905,0.2676580846309662,0.05626129589469438
108_2_event+0,108,event,121.03393,22.70322,2024-10-03,2024,0.38797155022621155,0.33209729194641113,0.38207072019577026,0.3311278522014618,0.322196900844574,0.33335116505622864,0.05626129589469438
108_2_ctrl-30,108,ctrl,121.03393,22.70322,2024-09-03,2024,0.29873600602149963,0.30549392104148865,0.29609206318855286,0.29355406761169434,0.3059203326702118,0.27658554911613464,0.05626129589469438
108_2_ctrl+30,108,ctrl,121.03393,22.70322,2024-11-02,2024,0.34902986884117126,0.3356474041938782,0.3436763882637024,0.3345200717449188,0.33819708228111267,0.3291179835796356,0.05626129589469438
109_0_event+0,109,event,120.7488,22.75228,2016-01-01,2016,0.2371981292963028,0.24755588173866272,0.17394454777240753,0.24081560969352722,0.24854929745197296,0.17839697003364563,0.0050349255387564145
109_0_ctrl-30,109,ctrl,120.7488,22.75228,2015-12-02,2016,0.24592073261737823,0.25605061650276184,0.18703904747962952,0.2510055899620056,0.25970152020454407,0.19836892187595367,0.0050349255387564145
109_0_ctrl+30,109,ctrl,120.7488,22.75228,2016-01-31,2016,0.2985190749168396,0.28404536843299866,0.2920639216899872,0.2934896647930145,0.278148889541626,0.2786525785923004,0.0050349255387564145
109_1_event+0,109,event,120.7488,22.75228,2022-10-18,2022,0.2356577068567276,0.22810418903827667,0.21609808504581451,0.22535397112369537,0.22839772701263428,0.18068155646324158,0.0050349255387564145
109_1_ctrl-30,109,ctrl,120.7488,22.75228,2022-09-18,2022,0.24147382378578186,0.2526361644268036,0.17402717471122742,0.2485242336988449,0.2551387548446655,0.19270358979701996,0.0050349255387564145
109_1_ctrl+30,109,ctrl,120.7488,22.75228,2022-11-17,2022,0.26044538617134094,0.2598173916339874,0.2119714617729187,0.26565808057785034,0.2573891282081604,0.22292906045913696,0.0050349255387564145
109_2_event+0,109,event,120.7488,22.75228,2024-09-29,2024,0.40320098400115967,0.39999786019325256,0.38698139786720276,0.40939459204673767,0.39841222763061523,0.3855292797088623,0.0050349255387564145
109_2_ctrl-30,109,ctrl,120.7488,22.75228,2024-08-30,2024,0.3861674964427948,0.40163829922676086,0.3683428466320038,0.39179497957229614,0.40448614954948425,0.3756762742996216,0.0050349255387564145
109_2_ctrl+30,109,ctrl,120.7488,22.75228,2024-10-29,2024,0.3980122208595276,0.40723922848701477,0.3864940106868744,0.3831447660923004,0.4073154330253601,0.3713119924068451,0.0050349255387564145
110_0_event+0,110,event,121.62254,25.26745,2017-06-04,2017,0.42492783069610596,0.3767319619655609,0.42591166496276855,0.3787305951118469,0.3675845265388489,0.3550260066986084,0.012140887711997976
110_0_ctrl-30,110,ctrl,121.62254,25.26745,2017-05-05,2017,0.3454045355319977,0.3674289286136627,0.29858723282814026,0.35327985882759094,0.37119030952453613,0.2985299229621887,0.012140887711997976
110_0_ctrl+30,110,ctrl,121.62254,25.26745,2017-07-04,2017,0.4416372776031494,0.4547748267650604,0.4253096282482147,0.44458240270614624,0.4522325396537781,0.4225738048553467,0.012140887711997976
110_1_event+0,110,event,121.62254,25.26745,2023-10-21,2023,0.4092593193054199,0.4072229862213135,0.39318346977233887,0.4117612838745117,0.4085427224636078,0.38821202516555786,0.012140887711997976
110_1_ctrl-30,110,ctrl,121.62254,25.26745,2023-09-21,2023,0.42102912068367004,0.43262070417404175,0.3981286287307739,0.4317958652973175,0.43290433287620544,0.41201168298721313,0.012140887711997976
110_1_ctrl+30,110,ctrl,121.62254,25.26745,2023-11-20,2023,0.3746998608112335,0.3882528841495514,0.3340872526168823,0.3800688683986664,0.39172613620758057,0.35909441113471985,0.012140887711997976
110_2_event+0,110,event,121.62254,25.26745,2019-08-07,2019,0.3446103632450104,0.39721718430519104,0.3058602809906006,0.3524675667285919,0.4089429974555969,0.3028842806816101,0.012140887711997976
110_2_ctrl-30,110,ctrl,121.62254,25.26745,2019-07-08,2019,0.46335071325302124,0.4648492932319641,0.4355895519256592,0.47191953659057617,0.4614420235157013,0.4500489830970764,0.012140887711997976
110_2_ctrl+30,110,ctrl,121.62254,25.26745,2019-09-06,2019,0.33393430709838867,0.3463309705257416,0.29734790325164795,0.33688420057296753,0.34725382924079895,0.28572767972946167,0.012140887711997976
111_1_event+0,111,event,121.65384,24.16802,2019-04-18,2019,0.3246448338031769,0.33170491456985474,0.33025652170181274,0.31999698281288147,0.3340698778629303,0.3161744773387909,0.02454359119853729
111_1_ctrl-30,111,ctrl,121.65384,24.16802,2019-03-19,2019,0.3491756319999695,0.33390700817108154,0.3348689377307892,0.3527145981788635,0.33187949657440186,0.33908647298812866,0.02454359119853729
111_1_ctrl+30,111,ctrl,121.65384,24.16802,2019-05-18,2019,0.3778761029243469,0.3555753231048584,0.3818047046661377,0.35290709137916565,0.3495479226112366,0.334540992975235,0.02454359119853729
111_2_event+0,111,event,121.65384,24.16802,2024-04-22,2024,0.29748329520225525,0.30400028824806213,0.2791418135166168,0.30080243945121765,0.30585169792175293,0.2924814820289612,0.02454359119853729
111_2_ctrl-30,111,ctrl,121.65384,24.16802,2024-03-23,2024,0.31491777300834656,0.32130298018455505,0.2996860444545746,0.31801894307136536,0.3229365050792694,0.31181082129478455,0.02454359119853729
111_2_ctrl+30,111,ctrl,121.65384,24.16802,2024-05-22,2024,0.31997770071029663,0.31400296092033386,0.3282622992992401,0.31429705023765564,0.31180569529533386,0.3066560924053192,0.02454359119853729
112_0_event+0,112,event,121.15371,24.24975,2020-06-12,2020,0.3512912094593048,0.3247973918914795,0.3298409581184387,0.35010915994644165,0.3131330907344818,0.3433573842048645,0.0006866603630862332
112_0_ctrl-30,112,ctrl,121.15371,24.24975,2020-05-13,2020,0.22980926930904388,0.24267929792404175,0.2223755121231079,0.22113366425037384,0.24634677171707153,0.1751919388771057,0.0006866603630862332
112_0_ctrl+30,112,ctrl,121.15371,24.24975,2020-07-12,2020,0.2942734658718109,0.31020960211753845,0.2867920398712158,0.2959591746330261,0.316085547208786,0.2917564809322357,0.0006866603630862332
112_1_event+0,112,event,121.15371,24.24975,2021-09-15,2021,0.3292310833930969,0.33474355936050415,0.32464417815208435,0.3159753382205963,0.33965641260147095,0.30965909361839294,0.0006866603630862332
112_1_ctrl-30,112,ctrl,121.15371,24.24975,2021-08-16,2021,0.3774033784866333,0.3584744930267334,0.3543282449245453,0.3897077143192291,0.3529032766819,0.36802539229393005,0.0006866603630862332
112_1_ctrl+30,112,ctrl,121.15371,24.24975,2021-10-15,2021,0.3671208918094635,0.3093613386154175,0.36359164118766785,0.29391777515411377,0.30497267842292786,0.3055379390716553,0.0006866603630862332
112_2_event+0,112,event,121.15371,24.24975,2024-04-04,2024,0.214407280087471,0.21544423699378967,0.17952224612236023,0.20941254496574402,0.21554546058177948,0.18428227305412292,0.0006866603630862332
112_2_ctrl-30,112,ctrl,121.15371,24.24975,2024-03-05,2024,0.21373802423477173,0.22320376336574554,0.18871311843395233,0.20984198153018951,0.22525934875011444,0.1666303277015686,0.0006866603630862332
112_2_ctrl+30,112,ctrl,121.15371,24.24975,2024-05-04,2024,0.3371143341064453,0.2476421296596527,0.33340856432914734,0.3231329321861267,0.23592303693294525,0.3214944005012512,0.0006866603630862332
113_2_event+0,113,event,121.25171,24.25429,2024-04-04,2024,0.24425947666168213,0.24746252596378326,0.21165794134140015,0.2400309145450592,0.24796639382839203,0.21965035796165466,0.027420076153972236
113_2_ctrl-30,113,ctrl,121.25171,24.25429,2024-03-05,2024,0.24761825799942017,0.25760290026664734,0.23047883808612823,0.2429990917444229,0.2598039507865906,0.2109968215227127,0.027420076153972236
113_2_ctrl+30,113,ctrl,121.25171,24.25429,2024-05-04,2024,0.34549370408058167,0.2696249186992645,0.34265732765197754,0.3332004249095917,0.2599679231643677,0.3324939012527466,0.027420076153972236
114_1_event+0,114,event,121.21521,24.17554,2021-05-30,2021,0.21292872726917267,0.20603293180465698,0.2141934335231781,0.1946883201599121,0.20511648058891296,0.16102850437164307,0.007551485123550176
114_1_ctrl-30,114,ctrl,121.21521,24.17554,2021-04-30,2021,0.21227426826953888,0.2091801017522812,0.19317564368247986,0.1995527446269989,0.21006616950035095,0.14269553124904633,0.007551485123550176
114_1_ctrl+30,114,ctrl,121.21521,24.17554,2021-06-29,2021,0.37470582127571106,0.3572072982788086,0.35862430930137634,0.37593743205070496,0.3401498794555664,0.3554401099681854,0.007551485123550176
114_2_event+0,114,event,121.21521,24.17554,2024-10-31,2024,0.37740108370780945,0.37009820342063904,0.3643954396247864,0.3660392463207245,0.3675497770309448,0.35682782530784607,0.007551485123550176
114_2_ctrl-30,114,ctrl,121.21521,24.17554,2024-10-01,2024,0.35382285714149475,0.3545999526977539,0.34655436873435974,0.35036689043045044,0.3548247516155243,0.3372281789779663,0.007551485123550176
114_2_ctrl+30,114,ctrl,121.21521,24.17554,2024-11-30,2024,0.3560163676738739,0.37104642391204834,0.32734906673431396,0.36218398809432983,0.37282419204711914,0.3403497338294983,0.007551485123550176
115_2_event+0,115,event,120.65058,22.94476,2024-11-01,2024,0.37672924995422363,0.36400651931762695,0.3659447729587555,0.34817007184028625,0.3624555468559265,0.34123948216438293,0.0008611254003076381
115_2_ctrl-30,115,ctrl,120.65058,22.94476,2024-10-02,2024,0.36946359276771545,0.3587380051612854,0.36101943254470825,0.3593347668647766,0.3555581271648407,0.34501349925994873,0.0008611254003076381
115_2_ctrl+30,115,ctrl,120.65058,22.94476,2024-12-01,2024,0.3294004499912262,0.353868693113327,0.305420458316803,0.3351002037525177,0.3576734662055969,0.3077130615711212,0.0008611254003076381
116_0_event+0,116,event,121.75141,24.29014,2019-08-26,2019,0.3194414973258972,0.28752508759498596,0.3166368305683136,0.29741257429122925,0.2837598919868469,0.2889794409275055,0.007439203298781871
116_0_ctrl-30,116,ctrl,121.75141,24.29014,2019-07-27,2019,0.2882421612739563,0.31463733315467834,0.2760884761810303,0.2943721115589142,0.3218153119087219,0.2793828845024109,0.007439203298781871
116_0_ctrl+30,116,ctrl,121.75141,24.29014,2019-09-25,2019,0.25861093401908875,0.2925862967967987,0.22200320661067963,0.2626793384552002,0.29828891158103943,0.2118987888097763,0.007439203298781871
116_1_event+0,116,event,121.75141,24.29014,2023-06-12,2023,0.31604084372520447,0.3097543716430664,0.3128856420516968,0.30493834614753723,0.3056263327598572,0.29796263575553894,0.007439203298781871
116_1_ctrl-30,116,ctrl,121.75141,24.29014,2023-05-13,2023,0.2758435904979706,0.2614842355251312,0.25613167881965637,0.2790869176387787,0.2588968276977539,0.27106019854545593,0.007439203298781871
116_1_ctrl+30,116,ctrl,121.75141,24.29014,2023-07-12,2023,0.2924214005470276,0.3165309727191925,0.259866863489151,0.30375978350639343,0.31889796257019043,0.2712889313697815,0.007439203298781871
116_2_event+0,116,event,121.75141,24.29014,2024-05-03,2024,0.2181948721408844,0.206618070602417,0.19639410078525543,0.21909566223621368,0.20499706268310547,0.2006455659866333,0.007439203298781871
116_2_ctrl-30,116,ctrl,121.75141,24.29014,2024-04-03,2024,0.20141500234603882,0.20945990085601807,0.1460837423801422,0.2027265727519989,0.21121379733085632,0.14628197252750397,0.007439203298781871
116_2_ctrl+30,116,ctrl,121.75141,24.29014,2024-06-02,2024,0.2246115803718567,0.21754610538482666,0.22675013542175293,0.21786855161190033,0.2166985422372818,0.20190003514289856,0.007439203298781871
117_0_event+0,117,event,121.11191,24.00813,2017-06-14,2017,0.3782041370868683,0.3291476368904114,0.36449119448661804,0.37151649594306946,0.3156752586364746,0.35071679949760437,0.006669035340990758
117_0_ctrl-30,117,ctrl,121.11191,24.00813,2017-05-15,2017,0.24430176615715027,0.24731415510177612,0.2558518648147583,0.23692646622657776,0.24682453274726868,0.21179449558258057,0.006669035340990758
117_0_ctrl+30,117,ctrl,121.11191,24.00813,2017-07-14,2017,0.3387969732284546,0.3664432168006897,0.3195692300796509,0.3485540449619293,0.37012505531311035,0.33090734481811523,0.006669035340990758
117_1_event+0,117,event,121.11191,24.00813,2019-05-18,2019,0.27041035890579224,0.25148674845695496,0.2917454242706299,0.23818959295749664,0.24414733052253723,0.20080342888832092,0.006669035340990758
117_1_ctrl-30,117,ctrl,121.11191,24.00813,2019-04-18,2019,0.20858456194400787,0.21870079636573792,0.19860751926898956,0.2003890424966812,0.22214052081108093,0.14628979563713074,0.006669035340990758
117_1_ctrl+30,117,ctrl,121.11191,24.00813,2019-06-17,2019,0.38128364086151123,0.35478559136390686,0.3572998046875,0.38763532042503357,0.3427298069000244,0.37257951498031616,0.006669035340990758
117_2_event+0,117,event,121.11191,24.00813,2023-08-04,2023,0.36265313625335693,0.29799628257751465,0.35392528772354126,0.3551717698574066,0.29043686389923096,0.33974042534828186,0.006669035340990758
117_2_ctrl-30,117,ctrl,121.11191,24.00813,2023-07-05,2023,0.28675299882888794,0.29860082268714905,0.2667641043663025,0.29519736766815186,0.2980964779853821,0.29401931166648865,0.006669035340990758
117_2_ctrl+30,117,ctrl,121.11191,24.00813,2023-09-03,2023,0.3640572726726532,0.371375173330307,0.35662251710891724,0.3569234311580658,0.36993083357810974,0.34115952253341675,0.006669035340990758
118_0_event+0,118,event,121.37853,23.38591,2019-08-24,2019,0.4400846064090729,0.42318326234817505,0.43012234568595886,0.423434853553772,0.42129939794540405,0.4122907817363739,0.0010448995801656642
118_0_ctrl-30,118,ctrl,121.37853,23.38591,2019-07-25,2019,0.42539849877357483,0.4322283864021301,0.40858039259910583,0.42173463106155396,0.43574485182762146,0.41463109850883484,0.0010448995801656642
118_0_ctrl+30,118,ctrl,121.37853,23.38591,2019-09-23,2019,0.4288478195667267,0.4650874137878418,0.4097701609134674,0.43538451194763184,0.46466121077537537,0.4048658311367035,0.0010448995801656642
118_1_event+0,118,event,121.37853,23.38591,2022-09-20,2022,0.3495347499847412,0.3492451608181,0.2997991144657135,0.3564396798610687,0.3484524190425873,0.30993765592575073,0.0010448995801656642
118_1_ctrl-30,118,ctrl,121.37853,23.38591,2022-08-21,2022,0.3388182520866394,0.35451245307922363,0.28714656829833984,0.34187498688697815,0.35855528712272644,0.29719486832618713,0.0010448995801656642
118_1_ctrl+30,118,ctrl,121.37853,23.38591,2022-10-20,2022,0.40682971477508545,0.3552877604961395,0.3777988851070404,0.39222413301467896,0.35001417994499207,0.3733736574649811,0.0010448995801656642
118_2_event+0,118,event,121.37853,23.38591,2023-07-24,2023,0.37609636783599854,0.39802268147468567,0.3381393849849701,0.38188716769218445,0.40402674674987793,0.36220887303352356,0.0010448995801656642
118_2_ctrl-30,118,ctrl,121.37853,23.38591,2023-06-24,2023,0.4349718391895294,0.3995431959629059,0.4162243604660034,0.4468684792518616,0.39439523220062256,0.42447564005851746,0.0010448995801656642
118_2_ctrl+30,118,ctrl,121.37853,23.38591,2023-08-23,2023,0.48009172081947327,0.48047900199890137,0.46140122413635254,0.4728426933288574,0.47051939368247986,0.45701903104782104,0.0010448995801656642
119_2_event+0,119,event,121.08936,24.01236,2023-08-29,2023,0.3966285288333893,0.4027547538280487,0.3759123682975769,0.40100735425949097,0.40221258997917175,0.38400232791900635,0.024021117401555925
119_2_ctrl-30,119,ctrl,121.08936,24.01236,2023-07-30,2023,0.3906310796737671,0.3346235454082489,0.38289859890937805,0.34284624457359314,0.3289983570575714,0.3454040586948395,0.024021117401555925
119_2_ctrl+30,119,ctrl,121.08936,24.01236,2023-09-28,2023,0.35984012484550476,0.392753541469574,0.33889976143836975,0.36732202768325806,0.3965970277786255,0.3464503884315491,0.024021117401555925
120_0_event+0,120,event,120.96163,24.17067,2020-05-23,2020,0.31276771426200867,0.2165921926498413,0.3293822407722473,0.25598499178886414,0.2054906189441681,0.2924187481403351,0.004142812109902028
120_0_ctrl-30,120,ctrl,120.96163,24.17067,2020-04-23,2020,0.20849153399467468,0.21736760437488556,0.1453251838684082,0.21348737180233002,0.21684588491916656,0.13023057579994202,0.004142812109902028
120_0_ctrl+30,120,ctrl,120.96163,24.17067,2020-06-22,2020,0.31809014081954956,0.3381798565387726,0.28429755568504333,0.33218345046043396,0.3370738625526428,0.300466924905777,0.004142812109902028
120_1_event+0,120,event,120.96163,24.17067,2022-03-25,2022,0.3201897442340851,0.32648828625679016,0.32770252227783203,0.28482669591903687,0.32820218801498413,0.2694569528102875,0.004142812109902028
120_1_ctrl-30,120,ctrl,120.96163,24.17067,2022-02-23,2022,0.3585086762905121,0.2465030699968338,0.3618437945842743,0.2844245433807373,0.23165561258792877,0.3088550269603729,0.004142812109902028
120_1_ctrl+30,120,ctrl,120.96163,24.17067,2022-04-24,2022,0.2950141727924347,0.323968768119812,0.29132091999053955,0.2965337336063385,0.3259982764720917,0.27042680978775024,0.004142812109902028
120_2_event+0,120,event,120.96163,24.17067,2023-10-07,2023,0.2931143641471863,0.329788476228714,0.2827005982398987,0.298158198595047,0.3384794592857361,0.2775939106941223,0.004142812109902028
120_2_ctrl-30,120,ctrl,120.96163,24.17067,2023-09-07,2023,0.38229918479919434,0.35818758606910706,0.36433830857276917,0.35871416330337524,0.358040988445282,0.34888529777526855,0.004142812109902028
120_2_ctrl+30,120,ctrl,120.96163,24.17067,2023-11-06,2023,0.24007666110992432,0.27230939269065857,0.20062948763370514,0.24920959770679474,0.27744826674461365,0.21680226922035217,0.004142812109902028
121_2_event+0,121,event,120.88339,23.64632,2022-10-16,2022,0.2839213013648987,0.2866455614566803,0.2735995054244995,0.2719915211200714,0.2895527780056,0.2482454776763916,0.012495956373723362
121_2_ctrl-30,121,ctrl,120.88339,23.64632,2022-09-16,2022,0.31692060828208923,0.3029755651950836,0.292570561170578,0.32246002554893494,0.302531898021698,0.3030685484409332,0.012495956373723362
121_2_ctrl+30,121,ctrl,120.88339,23.64632,2022-11-15,2022,0.3198232352733612,0.31899553537368774,0.29201507568359375,0.3270100951194763,0.3145473897457123,0.3059234917163849,0.012495956373723362
122_2_event+0,122,event,120.72905,23.55582,2022-10-17,2022,0.26897889375686646,0.2599391043186188,0.27614083886146545,0.24627308547496796,0.2609734833240509,0.2268877476453781,0.014453257429612537
122_2_ctrl-30,122,ctrl,120.72905,23.55582,2022-09-17,2022,0.28642091155052185,0.2893979549407959,0.26323431730270386,0.2948478162288666,0.29067784547805786,0.2776024639606476,0.014453257429612537
122_2_ctrl+30,122,ctrl,120.72905,23.55582,2022-11-16,2022,0.27823805809020996,0.2851054072380066,0.2466549426317215,0.28521427512168884,0.28361767530441284,0.2582186460494995,0.014453257429612537
123_2_event+0,123,event,120.98479,24.18452,2022-03-28,2022,0.39374756813049316,0.37207818031311035,0.3905528485774994,0.3698761761188507,0.37458449602127075,0.3764009475708008,0.015073203141744105
123_2_ctrl-30,123,ctrl,120.98479,24.18452,2022-02-26,2022,0.42064234614372253,0.3130810260772705,0.3982656002044678,0.40636786818504333,0.29923105239868164,0.40526649355888367,0.015073203141744105
123_2_ctrl+30,123,ctrl,120.98479,24.18452,2022-04-27,2022,0.3434498608112335,0.3710542619228363,0.33800482749938965,0.3470771610736847,0.37549227476119995,0.3449746370315552,0.015073203141744105
124_2_event+0,124,event,121.52953,24.60043,2022-10-16,2022,0.32434946298599243,0.2885081171989441,0.3407191038131714,0.28948572278022766,0.2858389914035797,0.2941782474517822,0.004760808493468503
124_2_ctrl-30,124,ctrl,121.52953,24.60043,2022-09-16,2022,0.3063081204891205,0.26407942175865173,0.30015799403190613,0.3013494908809662,0.25917527079582214,0.3106750547885895,0.004760808493468503
124_2_ctrl+30,124,ctrl,121.52953,24.60043,2022-11-15,2022,0.36040017008781433,0.3760387897491455,0.3370170593261719,0.36809438467025757,0.370525985956192,0.344944030046463,0.004760808493468503
125_2_event+0,125,event,121.57815,24.63453,2021-11-01,2021,0.35636502504348755,0.34772789478302,0.33475035429000854,0.36057835817337036,0.343904584646225,0.3387547433376312,0.006823256547011132
125_2_ctrl-30,125,ctrl,121.57815,24.63453,2021-10-02,2021,0.31511762738227844,0.3276524245738983,0.29350781440734863,0.32420623302459717,0.329755574464798,0.3006889820098877,0.006823256547011132
125_2_ctrl+30,125,ctrl,121.57815,24.63453,2021-12-01,2021,0.3428700566291809,0.340942919254303,0.33296728134155273,0.337369441986084,0.34229132533073425,0.3380115032196045,0.006823256547011132
126_2_event+0,126,event,120.36367,23.00874,2021-06-22,2021,0.5009493231773376,0.4206273555755615,0.48211103677749634,0.49068981409072876,0.39871901273727417,0.46682536602020264,0.010201417134211693
126_2_ctrl-30,126,ctrl,120.36367,23.00874,2021-05-23,2021,0.2784996032714844,0.2869461178779602,0.2169876992702484,0.28074368834495544,0.2877929210662842,0.20899251103401184,0.010201417134211693
126_2_ctrl+30,126,ctrl,120.36367,23.00874,2021-07-22,2021,0.4949778914451599,0.4967316687107086,0.4704557955265045,0.48823750019073486,0.496673047542572,0.46502038836479187,0.010201417134211693
129_1_event+0,129,event,121.07544,23.94006,2019-08-20,2019,0.4238598644733429,0.3771013915538788,0.40236684679985046,0.4163362681865692,0.37046104669570923,0.40002262592315674,0.010852084883178452
129_1_ctrl-30,129,ctrl,121.07544,23.94006,2019-07-21,2019,0.35485023260116577,0.3824007511138916,0.3469717502593994,0.3586597144603729,0.38722971081733704,0.3285937011241913,0.010852084883178452
129_1_ctrl+30,129,ctrl,121.07544,23.94006,2019-09-19,2019,0.35588523745536804,0.394101083278656,0.3297942876815796,0.36756235361099243,0.40094536542892456,0.3396315574645996,0.010852084883178452
129_2_event+0,129,event,121.07544,23.94006,2020-05-21,2020,0.3167806565761566,0.25992080569267273,0.33946672081947327,0.26286816596984863,0.25380635261535645,0.26453930139541626,0.010852084883178452
129_2_ctrl-30,129,ctrl,121.07544,23.94006,2020-04-21,2020,0.2639336585998535,0.2696816623210907,0.1964675933122635,0.2745838165283203,0.26907017827033997,0.21829022467136383,0.010852084883178452
129_2_ctrl+30,129,ctrl,121.07544,23.94006,2020-06-20,2020,0.3698165714740753,0.3810456395149231,0.33826160430908203,0.38392478227615356,0.3754569888114929,0.36257466673851013,0.010852084883178452
131_2_event+0,131,event,120.75639,22.72843,2019-08-16,2019,0.4113818109035492,0.38492220640182495,0.39825737476348877,0.39268815517425537,0.38013386726379395,0.38482680916786194,0.003944889931159696
131_2_ctrl-30,131,ctrl,120.75639,22.72843,2019-07-17,2019,0.3605138063430786,0.36504632234573364,0.3313843011856079,0.37687110900878906,0.3684573173522949,0.35702550411224365,0.003944889931159696
131_2_ctrl+30,131,ctrl,120.75639,22.72843,2019-09-15,2019,0.38474875688552856,0.40979206562042236,0.3587004244327545,0.39807477593421936,0.4121999442577362,0.3751526474952698,0.003944889931159696
132_2_event+0,132,event,120.8596,23.52665,2017-06-08,2017,0.42346253991127014,0.33571675419807434,0.3963138461112976,0.420482873916626,0.32169660925865173,0.41431981325149536,0.004794737041193308
132_2_ctrl-30,132,ctrl,120.8596,23.52665,2017-05-09,2017,0.2742026746273041,0.2770734429359436,0.24190078675746918,0.2786456346511841,0.27588215470314026,0.24560502171516418,0.004794737041193308
132_2_ctrl+30,132,ctrl,120.8596,23.52665,2017-07-08,2017,0.403571754693985,0.4092329740524292,0.3831300437450409,0.39970165491104126,0.4113163948059082,0.3805883526802063,0.004794737041193308
133_2_event+0,133,event,120.87178,23.56863,2017-06-08,2017,0.40149369835853577,0.3202162981033325,0.377144992351532,0.4011995792388916,0.307435542345047,0.3968256115913391,0.0153512476515906
133_2_ctrl-30,133,ctrl,120.87178,23.56863,2017-05-09,2017,0.2647498548030853,0.2670520842075348,0.23334823548793793,0.2695971727371216,0.26600944995880127,0.2383303940296173,0.0153512476515906
133_2_ctrl+30,133,ctrl,120.87178,23.56863,2017-07-08,2017,0.37345090508461,0.3836483955383301,0.35669800639152527,0.37151485681533813,0.38655975461006165,0.3542860150337219,0.0153512476515906
134_2_event+0,134,event,121.02103,22.69227,2017-10-14,2017,0.34647971391677856,0.32883837819099426,0.35392656922340393,0.3141438066959381,0.32767096161842346,0.3085514008998871,0.026560971089228735
134_2_ctrl-30,134,ctrl,121.02103,22.69227,2017-09-14,2017,0.3437251150608063,0.3368145823478699,0.3199530839920044,0.3566567003726959,0.33284109830856323,0.33234673738479614,0.026560971089228735
134_2_ctrl+30,134,ctrl,121.02103,22.69227,2017-11-13,2017,0.36792731285095215,0.38904502987861633,0.357298880815506,0.37054571509361267,0.3847016990184784,0.356251984834671,0.026560971089228735
135_2_event+0,135,event,121.0342,23.90783,2017-06-11,2017,0.3680413067340851,0.29922258853912354,0.3498546779155731,0.38049378991127014,0.2850009799003601,0.356698215007782,0.001204367726235358
135_2_ctrl-30,135,ctrl,121.0342,23.90783,2017-05-12,2017,0.21893826127052307,0.2287716567516327,0.1815553903579712,0.2254374772310257,0.2279585897922516,0.19825683534145355,0.001204367726235358
135_2_ctrl+30,135,ctrl,121.0342,23.90783,2017-07-11,2017,0.3493169844150543,0.3683333694934845,0.333798885345459,0.353461891412735,0.3703117370605469,0.339203804731369,0.001204367726235358
136_2_event+0,136,event,120.64393,22.36188,2016-09-21,2016,0.49442625045776367,0.47837764024734497,0.4635525047779083,0.5085974335670471,0.47535887360572815,0.47913798689842224,0.0035681642225780805
136_2_ctrl-30,136,ctrl,120.64393,22.36188,2016-08-22,2016,0.4590473771095276,0.4185941517353058,0.4427228271961212,0.45795172452926636,0.41542771458625793,0.447670578956604,0.0035681642225780805
136_2_ctrl+30,136,ctrl,120.64393,22.36188,2016-10-21,2016,0.4695518910884857,0.4938957393169403,0.4451789855957031,0.4801606237888336,0.4966093599796295,0.44065243005752563,0.0035681642225780805
137_2_event+0,137,event,120.47098,23.20141,2016-09-08,2016,0.5208596587181091,0.49455395340919495,0.5021416544914246,0.5089672803878784,0.49000388383865356,0.4903372824192047,0.011148387340814523
137_2_ctrl-30,137,ctrl,120.47098,23.20141,2016-08-09,2016,0.4743347465991974,0.483784556388855,0.44855672121047974,0.4758501350879669,0.4840683341026306,0.4454130530357361,0.011148387340814523
137_2_ctrl+30,137,ctrl,120.47098,23.20141,2016-10-08,2016,0.5134897232055664,0.5080371499061584,0.49310198426246643,0.5060394406318665,0.5084079504013062,0.47834160923957825,0.011148387340814523
164_2_event+0,164,event,120.8012,23.55014,2020-07-10,2020,0.36567285656929016,0.3707532286643982,0.3516443967819214,0.36954155564308167,0.3737417459487915,0.3554377555847168,0
164_2_ctrl-30,164,ctrl,120.8012,23.55014,2020-06-10,2020,0.39662620425224304,0.35341647267341614,0.37993019819259644,0.3849125802516937,0.33915671706199646,0.3642585575580597,0
164_2_ctrl+30,164,ctrl,120.8012,23.55014,2020-08-09,2020,0.39627647399902344,0.36562755703926086,0.37546348571777344,0.3934214115142822,0.3627896308898926,0.38188061118125916,0
168_0_event+0,168,event,121.83604,24.50047,2018-01-07,2018,0.2753782868385315,0.28122609853744507,0.287841260433197,0.26603618264198303,0.2836667597293854,0.2357279509305954,0.0017821353372082754
168_0_ctrl-30,168,ctrl,121.83604,24.50047,2017-12-08,2018,0.3029530346393585,0.3223024308681488,0.270801842212677,0.30747294425964355,0.32499170303344727,0.27327096462249756,0.0017821353372082754
168_0_ctrl+30,168,ctrl,121.83604,24.50047,2018-02-06,2018,0.261121541261673,0.2737119197845459,0.23279708623886108,0.26320117712020874,0.27481594681739807,0.23539762198925018,0.0017821353372082754
168_1_event+0,168,event,121.83604,24.50047,2018-11-02,2018,0.2730505168437958,0.2579118609428406,0.28328558802604675,0.24349349737167358,0.2543395161628723,0.17795947194099426,0.0017821353372082754
168_1_ctrl-30,168,ctrl,121.83604,24.50047,2018-10-03,2018,0.24582910537719727,0.2587262690067291,0.1770927459001541,0.2565203011035919,0.26041167974472046,0.20201273262500763,0.0017821353372082754
168_1_ctrl+30,168,ctrl,121.83604,24.50047,2018-12-02,2018,0.2758824825286865,0.2898660898208618,0.25076189637184143,0.27893421053886414,0.2886005938053131,0.27393627166748047,0.0017821353372082754
171_0_event+0,171,event,121.48272,24.19086,2024-12-29,2024,0.3264608383178711,0.3258208632469177,0.30924826860427856,0.32642364501953125,0.32696086168289185,0.3156138062477112,0.001250113484477845
171_0_ctrl-30,171,ctrl,121.48272,24.19086,2024-11-29,2024,0.3373720645904541,0.3571597933769226,0.3084240257740021,0.3421468734741211,0.3589620888233185,0.3221433758735657,0.001250113484477845
171_0_ctrl+30,171,ctrl,121.48272,24.19086,2025-01-28,2024,0.3180091083049774,0.3220820724964142,0.30362504720687866,0.31755051016807556,0.322883278131485,0.2962695360183716,0.001250113484477845
172_0_event+0,172,event,120.71735,23.45011,2020-05-21,2020,0.2643934190273285,0.22871683537960052,0.2921835482120514,0.22327542304992676,0.2246842235326767,0.21352726221084595,0.0015855748742324722
172_0_ctrl-30,172,ctrl,120.71735,23.45011,2020-04-21,2020,0.23337030410766602,0.23984013497829437,0.17102356255054474,0.2415790557861328,0.2389734387397766,0.18066395819187164,0.0015855748742324722
172_0_ctrl+30,172,ctrl,120.71735,23.45011,2020-06-20,2020,0.33942487835884094,0.35872548818588257,0.29733753204345703,0.3519309163093567,0.3508322536945343,0.3196898400783539,0.0015855748742324722
173_1_event+0,173,event,121.77916,24.48957,2024-04-09,2024,0.18060337007045746,0.1840478628873825,0.1460573524236679,0.17953555285930634,0.18509814143180847,0.13358306884765625,0.004233718305952366
173_1_ctrl-30,173,ctrl,121.77916,24.48957,2024-03-10,2024,0.19142316281795502,0.199739471077919,0.13142643868923187,0.19294293224811554,0.20193512737751007,0.139251708984375,0.004233718305952366
173_1_ctrl+30,173,ctrl,121.77916,24.48957,2024-05-09,2024,0.19845612347126007,0.1873699277639389,0.17226490378379822,0.19805803894996643,0.18566559255123138,0.17749184370040894,0.004233718305952366
173_2_event+0,173,event,121.77916,24.48957,2024-07-28,2024,0.3013745844364166,0.20313102006912231,0.3031758964061737,0.22773830592632294,0.19402775168418884,0.24480761587619781,0.004233718305952366
173_2_ctrl-30,173,ctrl,121.77916,24.48957,2024-06-28,2024,0.2054104059934616,0.20769643783569336,0.17453064024448395,0.20858842134475708,0.20685000717639923,0.1896972507238388,0.004233718305952366
173_2_ctrl+30,173,ctrl,121.77916,24.48957,2024-08-27,2024,0.28475433588027954,0.2835552990436554,0.27749183773994446,0.2900189161300659,0.28545892238616943,0.28341200947761536,0.004233718305952366
174_2_event+0,174,event,121.6229,24.11825,2024-11-14,2024,0.4256232976913452,0.4268002510070801,0.40317073464393616,0.42961713671684265,0.4264476001262665,0.4070155918598175,0.02847430721904234
174_2_ctrl-30,174,ctrl,121.6229,24.11825,2024-10-15,2024,0.4205486476421356,0.400025337934494,0.397061824798584,0.4279120862483978,0.394654244184494,0.4049314558506012,0.02847430721904234
174_2_ctrl+30,174,ctrl,121.6229,24.11825,2024-12-14,2024,0.3948546350002289,0.4080438017845154,0.3767157793045044,0.3961569666862488,0.41108155250549316,0.37757959961891174,0.02847430721904234
175_2_event+0,175,event,120.8613,23.9103,2024-09-04,2024,0.3553995192050934,0.3672664165496826,0.340542733669281,0.35814645886421204,0.369211882352829,0.3505784869194031,0.01369965204674676
175_2_ctrl-30,175,ctrl,120.8613,23.9103,2024-08-05,2024,0.3720720708370209,0.3460589349269867,0.3551202118396759,0.3825782835483551,0.3432965576648712,0.3657721281051636,0.01369965204674676
175_2_ctrl+30,175,ctrl,120.8613,23.9103,2024-10-04,2024,0.35420602560043335,0.353137731552124,0.346603661775589,0.35489869117736816,0.3534342050552368,0.3461639881134033,0.01369965204674676
176_2_event+0,176,event,121.48726,23.56724,2024-06-28,2024,0.24549025297164917,0.24055534601211548,0.2232568860054016,0.25145700573921204,0.23461467027664185,0.24212580919265747,0.0016559986383922944
176_2_ctrl-30,176,ctrl,121.48726,23.56724,2024-05-29,2024,0.1830456405878067,0.1773475706577301,0.15685302019119263,0.18303634226322174,0.17678846418857574,0.16583676636219025,0.0016559986383922944
176_2_ctrl+30,176,ctrl,121.48726,23.56724,2024-07-28,2024,0.3000059127807617,0.22145763039588928,0.3204030990600586,0.22824367880821228,0.21598763763904572,0.2501853108406067,0.0016559986383922944
177_2_event+0,177,event,121.7399,24.26495,2024-05-23,2024,0.21639461815357208,0.21541650593280792,0.20783767104148865,0.21194328367710114,0.21392865478992462,0.18188700079917908,0.013737745054778807
177_2_ctrl-30,177,ctrl,121.7399,24.26495,2024-04-23,2024,0.2017485499382019,0.20271636545658112,0.15838836133480072,0.20446033775806427,0.2033776044845581,0.17320559918880463,0.013737745054778807
177_2_ctrl+30,177,ctrl,121.7399,24.26495,2024-06-22,2024,0.24030165374279022,0.23423229157924652,0.2312309294939041,0.24097025394439697,0.23184072971343994,0.2195303589105606,0.013737745054778807
178_0_event+0,178,event,121.94559,24.97832,2022-05-26,2022,0.35640281438827515,0.31724831461906433,0.34991875290870667,0.33400365710258484,0.3095851540565491,0.30113929510116577,0.008670652831711128
178_0_ctrl-30,178,ctrl,121.94559,24.97832,2022-04-26,2022,0.28331735730171204,0.31329265236854553,0.2430211752653122,0.2895023226737976,0.3156675696372986,0.2443716675043106,0.008670652831711128
178_0_ctrl+30,178,ctrl,121.94559,24.97832,2022-06-25,2022,0.35153502225875854,0.372333288192749,0.3190478980541229,0.36447861790657043,0.3721793293952942,0.34255993366241455,0.008670652831711128
178_1_event+0,178,event,121.94559,24.97832,2024-10-04,2024,0.3595859408378601,0.2658988833427429,0.35812780261039734,0.30759087204933167,0.25287264585494995,0.31663644313812256,0.008670652831711128
178_1_ctrl-30,178,ctrl,121.94559,24.97832,2024-09-04,2024,0.23602169752120972,0.26209139823913574,0.1790246218442917,0.2451409101486206,0.2673789858818054,0.187643364071846,0.008670652831711128
178_1_ctrl+30,178,ctrl,121.94559,24.97832,2024-11-03,2024,0.4008157551288605,0.3736298382282257,0.379582941532135,0.389488160610199,0.368940144777298,0.37602588534355164,0.008670652831711128
178_2_event+0,178,event,121.94559,24.97832,2024-10-31,2024,0.389488160610199,0.368940144777298,0.37602588534355164,0.3862607777118683,0.36021625995635986,0.3697127103805542,0.008670652831711128
178_2_ctrl-30,178,ctrl,121.94559,24.97832,2024-10-01,2024,0.30759087204933167,0.25287264585494995,0.31663644313812256,0.28647103905677795,0.24652302265167236,0.2930889129638672,0.008670652831711128
178_2_ctrl+30,178,ctrl,121.94559,24.97832,2024-11-30,2024,0.34946340322494507,0.3734935224056244,0.3161134421825409,0.3589308261871338,0.3768969178199768,0.33850106596946716,0.008670652831711128
179_1_event+0,179,event,120.58769,23.49188,2024-07-29,2024,0.3742970824241638,0.27153247594833374,0.3843154311180115,0.32688742876052856,0.26004502177238464,0.37513652443885803,0.01259321204785859
179_1_ctrl-30,179,ctrl,120.58769,23.49188,2024-06-29,2024,0.2532130479812622,0.26220008730888367,0.2907162308692932,0.25608450174331665,0.2590942680835724,0.2910299301147461,0.01259321204785859
179_1_ctrl+30,179,ctrl,120.58769,23.49188,2024-08-28,2024,0.3250448703765869,0.3445296883583069,0.350314736366272,0.33549270033836365,0.3495170474052429,0.3565220832824707,0.01259321204785859
179_2_event+0,179,event,120.58769,23.49188,2024-10-09,2024,0.3280846178531647,0.32292065024375916,0.3627021312713623,0.3278946876525879,0.32171303033828735,0.3588084280490875,0.01259321204785859
179_2_ctrl-30,179,ctrl,120.58769,23.49188,2024-09-09,2024,0.31696397066116333,0.3305652439594269,0.3563975691795349,0.31152665615081787,0.33251434564590454,0.3450409173965454,0.01259321204785859
179_2_ctrl+30,179,ctrl,120.58769,23.49188,2024-11-08,2024,0.31935039162635803,0.31173524260520935,0.3427012264728546,0.32629427313804626,0.3126741647720337,0.3493131399154663,0.01259321204785859
180_1_event+0,180,event,121.65325,24.16402,2024-04-23,2024,0.2960249185562134,0.30341389775276184,0.2770577371120453,0.29998651146888733,0.3052678406238556,0.28828954696655273,0.02776615056800271
180_1_ctrl-30,180,ctrl,121.65325,24.16402,2024-03-24,2024,0.3139882981777191,0.3208201229572296,0.3004052937030792,0.31739890575408936,0.3223845958709717,0.30765455961227417,0.02776615056800271
180_1_ctrl+30,180,ctrl,121.65325,24.16402,2024-05-23,2024,0.32212209701538086,0.31499776244163513,0.3286433517932892,0.3152623474597931,0.3123510479927063,0.31372642517089844,0.02776615056800271
180_2_event+0,180,event,121.65325,24.16402,2024-08-09,2024,0.38505956530570984,0.348785936832428,0.37806636095046997,0.38361257314682007,0.342656672000885,0.36703741550445557,0.02776615056800271
180_2_ctrl-30,180,ctrl,121.65325,24.16402,2024-07-10,2024,0.32186877727508545,0.3510902523994446,0.30907222628593445,0.33294183015823364,0.35568270087242126,0.3173601031303406,0.02776615056800271
180_2_ctrl+30,180,ctrl,121.65325,24.16402,2024-09-08,2024,0.3696206510066986,0.38912829756736755,0.36341992020606995,0.3729485869407654,0.39038076996803284,0.3594309687614441,0.02776615056800271
181_0_event+0,181,event,121.27958,24.22442,2017-06-07,2017,0.4037761986255646,0.34373506903648376,0.3765920400619507,0.3891803026199341,0.3340368866920471,0.3821074962615967,0.0008468751969943392
181_0_ctrl-30,181,ctrl,121.27958,24.22442,2017-05-08,2017,0.2991880178451538,0.3000773787498474,0.2753598988056183,0.3044995367527008,0.29949530959129333,0.2712320387363434,0.0008468751969943392
181_0_ctrl+30,181,ctrl,121.27958,24.22442,2017-07-07,2017,0.36479830741882324,0.38524025678634644,0.34788304567337036,0.36507630348205566,0.3893751800060272,0.3466505706310272,0.0008468751969943392
181_1_event+0,181,event,121.27958,24.22442,2024-07-26,2024,0.3202747106552124,0.3097591996192932,0.33399567008018494,0.26847073435783386,0.31075799465179443,0.2442106008529663,0.0008468751969943392
181_1_ctrl-30,181,ctrl,121.27958,24.22442,2024-06-26,2024,0.34821197390556335,0.3620274066925049,0.3279694616794586,0.3532313108444214,0.3617015779018402,0.3282321095466614,0.0008468751969943392
181_1_ctrl+30,181,ctrl,121.27958,24.22442,2024-08-25,2024,0.3593771159648895,0.3559187352657318,0.33996185660362244,0.3657020330429077,0.35087835788726807,0.3415159285068512,0.0008468751969943392
181_2_event+0,181,event,121.27958,24.22442,2024-10-31,2024,0.38266777992248535,0.37494608759880066,0.3664435148239136,0.3712218403816223,0.37239164113998413,0.3571823239326477,0.0008468751969943392
181_2_ctrl-30,181,ctrl,121.27958,24.22442,2024-10-01,2024,0.3617650866508484,0.35439375042915344,0.3517434298992157,0.3510062098503113,0.3539700508117676,0.33718863129615784,0.0008468751969943392
181_2_ctrl+30,181,ctrl,121.27958,24.22442,2024-11-30,2024,0.35486936569213867,0.3729245662689209,0.3207339346408844,0.36050108075141907,0.375026673078537,0.3355831801891327,0.0008468751969943392
182_0_event+0,182,event,120.81006,23.23063,2021-08-07,2021,0.4248282313346863,0.36613789200782776,0.41126587986946106,0.4223313629627228,0.35960397124290466,0.40398597717285156,0.0016760815019354193
182_0_ctrl-30,182,ctrl,120.81006,23.23063,2021-07-08,2021,0.35713276267051697,0.3744172155857086,0.33635854721069336,0.36253538727760315,0.3730188012123108,0.3381408751010895,0.0016760815019354193
182_0_ctrl+30,182,ctrl,120.81006,23.23063,2021-09-06,2021,0.3536728322505951,0.3790372312068939,0.3410492241382599,0.3519795536994934,0.38586148619651794,0.33843427896499634,0.0016760815019354193
182_1_event+0,182,event,120.81006,23.23063,2021-09-13,2021,0.344243586063385,0.36331307888031006,0.33568763732910156,0.3418309986591339,0.3691818416118622,0.31684255599975586,0.0016760815019354193
182_1_ctrl-30,182,ctrl,120.81006,23.23063,2021-08-14,2021,0.40573611855506897,0.381509393453598,0.3813595473766327,0.41397354006767273,0.3750460147857666,0.3923054337501526,0.0016760815019354193
182_1_ctrl+30,182,ctrl,120.81006,23.23063,2021-10-13,2021,0.3334745764732361,0.329108864068985,0.343658983707428,0.29832640290260315,0.3286941945552826,0.2800600230693817,0.0016760815019354193
182_2_event+0,182,event,120.81006,23.23063,2023-08-08,2023,0.39218077063560486,0.3057399392127991,0.3683823049068451,0.38234275579452515,0.2931345999240875,0.3661876618862152,0.0016760815019354193
182_2_ctrl-30,182,ctrl,120.81006,23.23063,2023-07-09,2023,0.2577488124370575,0.2702869176864624,0.21367938816547394,0.2694205641746521,0.26610082387924194,0.23460902273654938,0.0016760815019354193
182_2_ctrl+30,182,ctrl,120.81006,23.23063,2023-09-07,2023,0.4107949733734131,0.3845213055610657,0.38626137375831604,0.3974218964576721,0.3831082284450531,0.37940287590026855,0.0016760815019354193
183_0_event+0,183,event,121.20212,24.10975,2019-05-01,2019,0.28792041540145874,0.2738648056983948,0.2740645408630371,0.29198315739631653,0.27243733406066895,0.26967254281044006,0.0019013024346576232
183_0_ctrl-30,183,ctrl,121.20212,24.10975,2019-04-01,2019,0.27169761061668396,0.27687495946884155,0.2488395720720291,0.27496007084846497,0.2729521691799164,0.24313433468341827,0.0019013024346576232
183_0_ctrl+30,183,ctrl,121.20212,24.10975,2019-05-31,2019,0.37289878726005554,0.33772215247154236,0.3510264456272125,0.3767310380935669,0.32960838079452515,0.35513821244239807,0.0019013024346576232
183_1_event+0,183,event,121.20212,24.10975,2019-05-31,2019,0.37289878726005554,0.33772215247154236,0.3510264456272125,0.3767310380935669,0.32960838079452515,0.35513821244239807,0.0019013024346576232
183_1_ctrl-30,183,ctrl,121.20212,24.10975,2019-05-01,2019,0.28792041540145874,0.2738648056983948,0.2740645408630371,0.29198315739631653,0.27243733406066895,0.26967254281044006,0.0019013024346576232
183_1_ctrl+30,183,ctrl,121.20212,24.10975,2019-06-30,2019,0.37492337822914124,0.3798283636569977,0.3501972556114197,0.38796815276145935,0.37998226284980774,0.3649102449417114,0.0019013024346576232
183_2_event+0,183,event,121.20212,24.10975,2023-07-02,2023,0.3241051435470581,0.33021771907806396,0.31883010268211365,0.3226671814918518,0.3305557668209076,0.3072513937950134,0.0019013024346576232
183_2_ctrl-30,183,ctrl,121.20212,24.10975,2023-06-02,2023,0.32686150074005127,0.3080223798751831,0.30045434832572937,0.33507147431373596,0.30136528611183167,0.30504825711250305,0.0019013024346576232
183_2_ctrl+30,183,ctrl,121.20212,24.10975,2023-08-01,2023,0.3736768662929535,0.31482335925102234,0.3538929522037506,0.3602769672870636,0.3102768361568451,0.3674422800540924,0.0019013024346576232
184_2_event+0,184,event,120.9108,22.38714,2021-10-14,2021,0.28761735558509827,0.24530823528766632,0.3259808123111725,0.21781332790851593,0.2427823692560196,0.21938665211200714,0.021073613475043173
184_2_ctrl-30,184,ctrl,120.9108,22.38714,2021-09-14,2021,0.2805487811565399,0.28130200505256653,0.2886906862258911,0.2575947344303131,0.2870277166366577,0.25088053941726685,0.021073613475043173
184_2_ctrl+30,184,ctrl,120.9108,22.38714,2021-11-13,2021,0.22528451681137085,0.2663404941558838,0.18499673902988434,0.2325548529624939,0.27083122730255127,0.20209477841854095,0.021073613475043173
185_0_event+0,185,event,121.06279,22.89446,2016-08-19,2016,0.30432623624801636,0.2749626934528351,0.29745161533355713,0.3085230886936188,0.27311021089553833,0.30315762758255005,0.011754346126689536
185_0_ctrl-30,185,ctrl,121.06279,22.89446,2016-07-20,2016,0.28356385231018066,0.29246747493743896,0.25819262862205505,0.2954169809818268,0.29522114992141724,0.24277940392494202,0.011754346126689536
185_0_ctrl+30,185,ctrl,121.06279,22.89446,2016-09-18,2016,0.3953467309474945,0.32454198598861694,0.3712049424648285,0.3731066882610321,0.3159968852996826,0.3642304539680481,0.011754346126689536
185_1_event+0,185,event,121.06279,22.89446,2016-10-06,2016,0.38077303767204285,0.37101995944976807,0.36366409063339233,0.3848545253276825,0.36435964703559875,0.3615173101425171,0.011754346126689536
185_1_ctrl-30,185,ctrl,121.06279,22.89446,2016-09-06,2016,0.31678149104118347,0.29552456736564636,0.3250712454319,0.290924996137619,0.29064008593559265,0.28848350048065186,0.011754346126689536
185_1_ctrl+30,185,ctrl,121.06279,22.89446,2016-11-05,2016,0.3278296887874603,0.3669055700302124,0.29695627093315125,0.334713876247406,0.37164950370788574,0.3029971122741699,0.011754346126689536
185_2_event+0,185,event,121.06279,22.89446,2018-08-26,2018,0.3626886308193207,0.296583890914917,0.3671104907989502,0.2955215275287628,0.29048022627830505,0.3119712471961975,0.011754346126689536
185_2_ctrl-30,185,ctrl,121.06279,22.89446,2018-07-27,2018,0.3104408085346222,0.3113819360733032,0.3052908778190613,0.31373852491378784,0.31246453523635864,0.31236565113067627,0.011754346126689536
185_2_ctrl+30,185,ctrl,121.06279,22.89446,2018-09-25,2018,0.3481276035308838,0.36710208654403687,0.33154013752937317,0.3558163642883301,0.3681989014148712,0.3250424563884735,0.011754346126689536
