id,y,lon,lat,elev_m,slope_mean_deg,slope_p90_deg,relief_m,roughness_m,debris_dist_km,debris_within_500m,debris_high_1km
1,1,121.23589,24.24734,1857.0496826171875,32.33295627565047,42.042300971418975,605.44482421875,15.18632445879799,1.115,0.0,0.0
2,1,120.85504,23.52792,1179.9609375,23.119942688319323,41.98974258968934,284.5965576171875,14.988388943878975,0.537,0.0,1.0
3,1,120.56302,23.37265,381.80206298828125,23.31528082319964,34.04156862381615,241.88003540039062,13.899850345150087,0.105,1.0,1.0
4,1,120.9149,23.5696,931.70361328125,21.069688892345955,38.71353655629449,353.66552734375,12.408137838551328,0.435,1.0,1.0
5,1,120.63822,23.7539,308.91546630859375,20.15386332153288,41.433772127725334,144.0931396484375,14.670847884253268,5.519,0.0,0.0
6,1,121.18322,24.02272,1114.58154296875,27.473858680700854,41.02696165133838,315.7926025390625,14.979647981908172,0.812,0.0,1.0
7,1,121.37973,23.64152,231.34197998046875,24.1758907765106,41.63442837003722,401.6776428222656,13.71432713791041,0.054,1.0,0.0
8,1,120.92271,22.45184,103.10203552246094,26.31604126189134,41.671529373987845,316.0762519836426,16.10843689422541,0.003,1.0,1.0
9,1,120.68743,23.95588,99.61140441894531,5.323573399775961,17.955985159014826,140.98912811279297,3.7152112423493024,7.748,0.0,0.0
10,1,120.64882,22.90398,161.7007293701172,16.126037682587892,40.04542376887435,407.61053466796875,10.232852414138494,0.164,1.0,1.0
11,1,120.60928,23.59343,546.4061279296875,22.58843067985343,35.09139012284606,322.797119140625,13.334795546897869,0.023,1.0,0.0
12,1,120.61399,23.09617,321.3338317871094,18.642338059137604,31.66074624953108,208.46932983398438,11.165515687488682,1.446,0.0,0.0
13,1,121.15602,23.95793,1160.25,27.702038351875903,42.64167010425469,505.285400390625,16.03694331544664,3.776,0.0,0.0
14,1,121.18746,24.02278,1080.4228515625,28.22302140071366,42.261392875651474,301.3802490234375,16.465090390720857,0.506,0.0,1.0
15,1,121.10199,24.01182,763.1495971679688,29.1054984124744,45.01085716627415,381.09033203125,18.537572368538566,0.634,0.0,1.0
16,1,120.85173,23.51847,1304.56103515625,28.804343443056297,42.963455160550474,385.048583984375,18.659007238089405,0.267,1.0,1.0
17,1,120.67536,22.52659,168.1905975341797,25.017779261409792,38.82221564753777,343.7975158691406,14.50577494220774,0.305,1.0,1.0
18,1,121.18325,24.11392,1450.857421875,36.44918765696132,45.14286276432389,640.04296875,18.16613001909233,4.797,0.0,0.0
19,1,120.68488,22.52668,196.3206329345703,22.45576719627503,40.120238936297525,295.99298095703125,14.338195159056415,0.729,0.0,1.0
21,1,121.13959,24.49527,1932.6474609375,32.158936526581655,41.13844625025072,700.8138427734375,14.503844795199951,8.306,0.0,0.0
23,1,120.64847,22.91326,177.51145935058594,14.9193376360971,37.445402337698624,271.11289978027344,10.956254311566758,0.08,1.0,0.0
24,1,120.65334,22.98178,287.2801513671875,14.325829886736337,34.87240563302486,287.77838134765625,9.309323168212694,0.176,1.0,1.0
25,1,120.68308,23.06484,353.0151062011719,14.433133663719577,35.18071366316553,261.7033386230469,10.79331641070131,0.271,1.0,1.0
26,1,120.85367,23.70837,458.313232421875,15.124391533362255,36.41744959367263,302.11248779296875,10.663621492148405,0.011,1.0,1.0
27,1,121.0857,24.00318,708.4063110351562,20.454803263458253,40.59700074383068,295.35888671875,13.871390849909206,0.379,1.0,1.0
28,1,120.85414,23.94933,530.8929443359375,23.453428196995283,37.802914388014905,324.8984680175781,14.813820439256036,0.18,1.0,0.0
29,1,120.64592,22.31234,17.584732055664062,16.03365764437787,34.53667136912091,290.3961715698242,9.849439083345514,0.348,1.0,1.0
31,1,120.6511,22.97299,243.9617462158203,12.625513385861936,32.19159637846986,223.55902099609375,8.924276445382304,0.564,0.0,1.0
32,1,120.67035,23.01087,358.4066467285156,22.85760755517775,36.441307630885326,461.49481201171875,11.217556608122738,0.06,1.0,1.0
33,1,120.78767,23.18901,641.7367553710938,18.8648263749974,45.12173443246191,255.64056396484375,14.756966071477542,0.905,0.0,0.0
34,1,120.74679,23.51712,871.3895263671875,25.28235356882654,40.365597969667036,364.927490234375,14.43297279686091,0.557,0.0,1.0
35,1,120.70946,22.69115,238.50027465820312,25.378790363438462,42.72997460339116,326.24102783203125,14.997709091274169,0.622,0.0,0.0
36,1,120.60403,23.59327,463.7883605957031,18.287470682594314,31.88168765996502,272.96905517578125,10.9048588057806,0.028,1.0,0.0
37,1,120.97742,24.17706,642.1630859375,18.7723101025026,40.60343470720471,319.031005859375,11.937928937415206,0.575,0.0,0.0
38,1,121.03289,24.60056,339.4496765136719,29.08300408900305,43.617202199775875,354.9765625,17.125124446064753,0.536,0.0,1.0
39,1,120.91325,24.45761,326.5386657714844,26.649277585471502,49.51061499471283,274.467529296875,19.694744349192245,0.377,1.0,0.0
40,1,121.12147,24.01475,975.1526489257812,31.200726678960073,41.76279400058451,402.504638671875,17.825804011184946,1.536,0.0,0.0
41,1,120.91892,24.46606,395.60150146484375,23.401300374789212,42.328990841214,348.9384765625,15.00665414132724,0.782,0.0,1.0
42,1,120.69672,23.10727,385.7546081542969,12.104393334849176,34.35230688166637,154.98129272460938,10.486091834672054,0.279,1.0,0.0
43,1,120.74633,23.06484,1445.23486328125,34.56218279890803,43.597672284665514,409.7984619140625,18.678236679073578,3.171,0.0,0.0
44,1,120.85453,23.70095,478.51898193359375,18.87834691542051,38.95774002380174,352.8359680175781,12.518139512053011,0.087,1.0,1.0
45,1,120.86826,23.56235,907.0098266601562,20.195278048716293,41.16465501433629,303.5599365234375,13.776337652491701,0.32,1.0,1.0
46,1,120.66605,23.01414,289.2726745605469,18.535706996276193,37.84417718265921,231.67822265625,13.17070184289925,0.196,1.0,1.0
47,1,120.73883,23.52847,776.570556640625,21.214499363524034,39.67562168072418,331.6904296875,12.712716730663844,0.524,0.0,1.0
48,1,120.64865,22.9813,254.18081665039062,4.1023482609372675,8.017956701108321,79.85734558105469,2.83025585884928,0.66,0.0,1.0
49,1,120.80313,23.22112,687.490966796875,13.24252878397079,37.709225645870795,222.7774658203125,11.66185161463133,0.679,0.0,1.0
50,1,120.87687,23.66829,619.3677978515625,20.45384500894845,40.71374529513603,431.66326904296875,12.964458834791097,0.334,1.0,1.0
51,1,120.73412,23.53064,750.846923828125,21.680556220199257,37.41910648311337,312.82257080078125,12.624462545049186,0.287,1.0,1.0
52,1,120.87871,23.57529,828.6988525390625,15.268522441084272,32.69446689100673,252.6552734375,9.116186972936777,0.512,0.0,0.0
53,1,120.67953,23.08607,437.7723083496094,11.234998589411603,28.59388821078745,217.988525390625,7.747520375358486,0.164,1.0,1.0
54,1,120.882,23.65937,614.49658203125,19.78867998965442,44.41815967854002,366.85589599609375,16.5671614661978,0.64,0.0,0.0
55,1,121.08956,24.00524,713.785400390625,24.273972566891583,42.624706647257526,318.8748779296875,14.998716886505571,0.521,0.0,1.0
56,1,120.78502,23.96708,269.5108947753906,23.075043541629597,34.45912846781632,275.615234375,13.124621177339371,0.906,0.0,0.0
57,1,121.02135,23.65561,1043.7630615234375,38.486569931310974,51.750107921691416,456.163330078125,23.1004307525473,8.654,0.0,0.0
58,1,120.7786,23.71198,636.69140625,22.64597324411297,39.384415847983085,310.40130615234375,14.360377129905524,0.388,1.0,0.0
59,1,120.70545,22.69236,219.54473876953125,26.1756962751755,43.7866159114643,317.1499786376953,16.649420751450297,0.333,1.0,0.0
60,1,120.76532,23.58477,1101.96728515625,32.744608751884016,44.40072514537169,691.4868774414062,18.053568941496387,0.251,1.0,0.0
61,1,121.03173,23.18311,1041.434326171875,39.519038006497134,54.79160105280139,436.11151123046875,27.952392232355745,1.425,0.0,0.0
63,1,120.86204,23.71571,533.584228515625,21.22722366322382,36.13865967605093,365.47064208984375,12.841541060691059,0.063,1.0,1.0
64,1,121.11241,23.1375,412.92279052734375,43.21408240845415,58.93839688210185,586.9144897460938,28.005174643038725,1.394,0.0,0.0
65,1,121.00365,23.23916,1970.001953125,41.20579613097058,51.89140437895965,978.50146484375,19.477984015668916,8.153,0.0,0.0
66,1,120.74622,23.59147,904.3146362304688,24.88500608402159,38.4047269122581,315.490478515625,14.62639228250242,0.064,1.0,1.0
67,1,121.78704,24.47381,38.16848373413086,11.454739967521945,35.46962541022078,258.9694995880127,9.898525967698793,0.283,1.0,0.0
68,1,121.09642,24.00331,869.9869384765625,34.64250212729688,47.66020123966662,544.0736694335938,21.00021122100956,0.051,1.0,1.0
69,1,121.49959,23.96425,142.30764770507812,18.685703950477638,39.97552330188717,384.6934280395508,12.382009081466457,0.736,0.0,1.0
71,1,120.96978,24.17269,647.909423828125,20.29208636379645,37.852159208124505,280.578125,12.619985011888666,0.335,1.0,0.0
72,1,121.55074,24.849,222.1142578125,35.647288704611036,52.06712727736834,402.0754928588867,24.04997842921175,2.52,0.0,0.0
73,1,121.67083,25.07937,10.499727249145508,6.79477853858527,17.102426313738608,63.73651421070099,4.925436852920984,1.653,0.0,0.0
74,1,121.01913,24.20659,860.5194702148438,26.48862124483839,42.48646358810171,567.8029174804688,15.55940602613776,0.782,0.0,0.0
75,1,120.86523,24.40733,267.61773681640625,15.507952275004804,28.68148263670647,119.912353515625,10.101270748899111,0.68,0.0,0.0
76,1,121.66648,24.20691,77.8104476928711,38.378481353941936,56.03134000836278,797.908935546875,24.507105993589885,2.017,0.0,0.0
77,1,120.67981,22.91066,341.91387939453125,29.107485528845043,39.191099106470006,515.9262542724609,14.841866575305978,0.013,1.0,1.0
78,1,121.71832,24.24722,24.657331466674805,17.288091475891974,38.6943436165051,294.5351867675781,11.693156954840587,0.258,1.0,0.0
79,1,121.13112,24.25011,1281.25732421875,42.58810622979447,61.287161985420276,705.9947509765625,34.47898748130377,2.736,0.0,0.0
80,1,121.45126,24.53145,582.1627807617188,19.465073698727064,40.147731450777556,388.9105224609375,12.282811530803505,0.099,1.0,1.0
81,1,120.65774,22.70631,172.13206481933594,22.54611593306656,41.727549740892954,348.3120422363281,14.921753190245976,0.339,1.0,0.0
82,1,121.47431,25.1368,69.6509780883789,12.984526450795476,22.02630375413365,148.86844569444656,6.894632894132298,0.923,0.0,0.0
83,1,121.45583,24.53897,562.7777099609375,22.384173141360872,42.44213955574732,341.95654296875,13.985915838782903,0.042,1.0,1.0
85,1,121.1858,24.13872,1244.5848388671875,34.13075073856511,44.934117026348645,500.1253662109375,18.47963062348629,2.275,0.0,0.0
86,1,121.4065,24.67401,675.8900146484375,38.64390271571445,47.78708679979551,515.2371826171875,23.035536708152936,2.046,0.0,0.0
87,1,120.75384,23.14633,563.3180541992188,24.847254548433952,40.64866064705807,323.79180908203125,14.94645803482058,1.911,0.0,0.0
88,1,120.88681,24.4445,299.6912536621094,22.81086682546263,40.57452556088999,290.2112731933594,16.18216991583114,0.915,0.0,0.0
89,1,120.56978,23.37189,549.1419067382812,25.50761757419991,34.48893730849253,443.4167785644531,12.330181155829449,0.177,1.0,1.0
90,1,120.77606,23.16902,572.4388427734375,20.068729844300726,38.789644269152454,246.62628173828125,13.111377140602567,0.095,1.0,1.0
91,1,120.68548,23.06906,351.22601318359375,14.344782311352184,36.585882635848975,313.6932373046875,10.01229784990922,0.615,0.0,1.0
92,1,121.83286,24.49277,267.3689880371094,37.41957049281884,46.72827481732156,637.128173828125,20.436432849224715,0.075,1.0,1.0
93,1,121.20983,24.17083,1855.924072265625,32.125705709696334,44.26541292764042,558.929443359375,17.95597381231148,3.916,0.0,0.0
94,1,121.28573,24.61991,856.965087890625,30.807017031294876,43.57555402208755,402.80902099609375,17.61572012973472,0.338,1.0,1.0
95,1,120.85442,23.82087,316.9154968261719,16.080321585041673,28.545581580988284,232.373779296875,8.771707160959133,0.81,0.0,1.0
96,1,120.70915,23.12578,510.6352844238281,22.45650441809357,39.25912231177945,313.9751281738281,14.433044847295532,0.348,1.0,1.0
97,1,121.01066,22.66537,292.5493469238281,26.03222344969577,35.62865617603957,394.7027130126953,13.36954833703426,0.062,1.0,1.0
98,1,120.74605,23.57616,724.2233276367188,17.095981061361005,36.52844516006067,268.30224609375,11.59816273962775,0.56,0.0,1.0
99,1,120.69533,23.22793,551.4284057617188,15.150077253918479,35.13560230369933,289.1043701171875,10.280386075372453,0.128,1.0,1.0
100,1,120.70931,23.1197,528.8572998046875,21.977048099709197,37.15365027809774,284.2596740722656,13.482482462463159,0.248,1.0,1.0
101,1,120.67577,23.53966,1020.9237670898438,20.786379730297455,30.90559707111647,354.00189208984375,10.341523542989762,0.305,1.0,0.0
102,1,120.85446,23.90912,722.2047729492188,29.2927211740065,42.13237291940394,491.30377197265625,16.210382467376387,0.198,1.0,0.0
103,1,121.37959,24.4399,1149.320068359375,24.201915048136346,40.50802297937024,419.193359375,15.12358882932806,0.296,1.0,0.0
104,1,120.68999,23.103,414.12982177734375,11.472339845151522,27.269596413559764,145.98712158203125,8.161677569988605,0.154,1.0,1.0
105,1,120.68031,23.09448,421.44781494140625,20.04768086965397,35.20487451302327,263.7980041503906,12.32031807692192,0.413,1.0,1.0
106,1,120.56318,23.37711,331.674560546875,20.463060175036752,33.160473525259796,265.37384033203125,11.649839167630114,0.577,0.0,1.0
107,1,120.46169,22.83217,39.73822784423828,8.906650003900001,26.583007241647184,148.87765502929688,6.507085135753789,8.193,0.0,0.0
108,1,121.03393,22.70322,55.23381423950195,4.961511795248225,9.043292740114332,104.51349067687988,4.653138105510432,1.582,0.0,0.0
109,1,120.7488,22.75228,446.984375,27.59125906201485,45.158231429614,412.330322265625,16.172823335028934,2.08,0.0,0.0
110,1,121.62254,25.26745,87.65412902832031,16.357049266356086,28.256544311870314,239.03414916992188,8.724567142022643,0.015,1.0,0.0
111,1,121.65384,24.16802,20.66356086730957,17.132816046316044,47.8495098745027,531.6159057617188,16.248034710716958,1.718,0.0,0.0
112,1,121.15371,24.24975,1333.1031494140625,42.55174136373551,54.382264252483,638.8455810546875,24.06018100793913,0.815,0.0,0.0
113,1,121.25171,24.25429,1954.82470703125,26.506992154422935,39.12201083633022,538.3326416015625,12.465363289376874,2.742,0.0,0.0
114,1,121.21521,24.17554,1864.3348388671875,30.217709681548758,41.66406228918995,485.39111328125,16.502133169866255,4.634,0.0,0.0
115,1,120.65058,22.94476,203.18807983398438,17.22776609959969,38.15819267240332,376.7268981933594,10.696437972833355,0.015,1.0,0.0
117,1,121.11191,24.00813,836.158935546875,33.86185263806726,45.372223626349346,370.10125732421875,19.433096808019133,1.1,0.0,0.0
118,1,121.37853,23.38591,588.6657104492188,30.884723991439113,44.69623741582296,516.5254516601562,17.21050623995085,0.423,1.0,0.0
119,1,121.08936,24.01236,745.1704711914062,30.95229705169534,45.246618480041015,370.57537841796875,17.502521279897127,0.012,1.0,1.0
120,1,120.96163,24.17067,626.0385131835938,21.89607757097302,40.019454076469195,367.2056884765625,12.92323937655849,0.748,0.0,1.0
121,1,120.88339,23.64632,645.7700805664062,17.939385726166947,42.19535774009559,283.694091796875,15.556128916783448,0.557,0.0,0.0
122,1,120.72905,23.55582,604.6146850585938,19.518586904442103,36.7619418581683,307.8961181640625,11.435126285138452,0.399,1.0,0.0
123,1,120.98479,24.18452,661.8516235351562,18.875459160237888,39.922329888631225,343.84716796875,12.26719611486701,0.595,0.0,1.0
124,1,121.52953,24.60043,322.5760803222656,12.060312587048866,34.32201939797763,183.60858154296875,10.331372242709909,1.029,0.0,0.0
125,1,121.57815,24.63453,203.31231689453125,18.875704285868146,34.723892236603064,193.79713439941406,12.0326910239802,0.559,0.0,0.0
126,1,120.36367,23.00874,66.28082275390625,14.43046504875415,24.03602822515716,86.1029052734375,8.14626289229724,8.712,0.0,0.0
127,1,121.10465,24.57729,530.2070922851562,28.641024306857066,42.66286839297875,327.876953125,16.58376187283597,0.536,0.0,1.0
128,1,120.85826,23.94223,628.65185546875,28.493606248420203,38.05093678998501,502.8217468261719,14.94265378963833,0.907,0.0,0.0
129,1,121.07544,23.94006,794.08447265625,18.740895388357767,40.240892115188466,266.1226806640625,14.117197612906818,0.5,1.0,0.0
130,1,120.95773,22.59536,109.53192138671875,14.034298756374184,34.10015668865426,303.77308654785156,8.764348319399884,0.282,1.0,0.0
131,1,120.75639,22.72843,1186.3758544921875,36.973587332058344,49.40958070324805,732.739013671875,19.620345910720033,0.388,1.0,0.0
132,1,120.8596,23.52665,1215.314453125,27.566018392153236,43.71492964811103,432.9835205078125,18.03515969593266,0.193,1.0,1.0
133,1,120.87178,23.56863,884.2080078125,20.287348478691875,38.04978582471351,419.03533935546875,11.515984474729809,0.514,0.0,1.0
134,1,121.02103,22.69227,72.14773559570312,21.86865442602465,40.93248932764177,456.6919860839844,11.404910553643631,0.557,0.0,1.0
135,1,121.0342,23.90783,847.3340454101562,36.38630174402441,48.096450641615036,529.129638671875,24.523418409924062,0.026,1.0,1.0
136,1,120.64393,22.36188,51.94933319091797,22.7997433672252,37.91442765799643,266.95616149902344,14.305559295489088,0.913,0.0,0.0
137,1,120.47098,23.20141,101.31607055664062,17.171509768313236,33.1550863515679,287.8290786743164,10.19711777395883,0.013,1.0,0.0
138,1,120.50178,23.29246,367.2253723144531,20.065269340575963,32.60376976800021,266.6890563964844,11.702018421288606,0.061,1.0,0.0
139,1,120.49572,22.95811,83.34968566894531,9.857466691976509,19.086860581712152,87.73196411132812,6.217464690763224,1.806,0.0,0.0
140,1,120.8663,24.0528,325.4947509765625,15.048530953533447,25.565365999964467,251.81741333007812,7.865466367995719,0.893,0.0,0.0
141,1,120.68054,22.52743,183.48403930664062,24.510333716964908,39.99467199471209,294.74652099609375,13.704905586068753,0.423,1.0,1.0
142,1,120.69755,23.24103,569.7950439453125,15.600887574791853,35.02079342738077,254.546630859375,9.572172415617455,0.18,1.0,1.0
143,1,120.8716,24.05499,286.6928405761719,14.822995383701713,26.444464357542717,200.4481201171875,8.251609456465482,0.42,1.0,0.0
144,1,120.82881,22.09848,141.76698303222656,13.503658762901985,23.265275367992423,162.74716186523438,7.3251590509863,2.85,0.0,0.0
145,1,120.85631,22.01863,118.05101013183594,12.649449262180683,19.638455756851524,225.79825592041016,6.127950563384274,2.322,0.0,0.0
146,1,121.85355,24.52944,219.16188049316406,37.376111729083505,46.43522420444603,625.0386352539062,21.002545520665862,3.825,0.0,0.0
147,1,120.66088,22.52682,151.90284729003906,18.29450742426652,38.80588348539714,291.08447265625,12.35507823496911,0.093,1.0,1.0
148,1,120.36368,22.93771,41.17188262939453,14.386135269865523,24.027142739311014,71.90254974365234,8.465050664755214,6.708,0.0,0.0
149,1,120.79092,22.12286,105.66606140136719,18.33365227585683,31.113203730128493,185.36666107177734,11.299960923862118,1.333,0.0,0.0
150,1,120.30263,22.8203,4.557514667510986,0.8903214525273683,1.8105337289647068,6.404337286949158,0.5065557661188466,2.754,0.0,0.0
151,1,120.97993,22.5914,40.64967727661133,13.823502991897394,36.11498963639633,231.12274169921875,10.97860774736859,0.821,0.0,0.0
152,1,120.81518,23.98818,316.49481201171875,29.910088414155783,42.7260419871116,446.8807830810547,16.398231310859895,0.079,1.0,1.0
153,1,120.62182,23.06293,607.5764770507812,28.59980705945274,37.314414521167656,355.8839111328125,15.411140484920878,0.045,1.0,1.0
154,1,120.77575,23.70226,780.4521484375,20.556691821266813,35.18832428743966,312.83642578125,12.698327441802954,0.065,1.0,1.0
155,1,120.86476,23.77028,326.0226745605469,13.588481359115864,33.19112673780454,248.3485107421875,8.7559022123853,0.585,0.0,0.0
156,1,120.68566,22.69928,187.60470581054688,27.916524995704872,49.02048667154179,304.8938751220703,19.721870710148263,0.496,1.0,0.0
157,1,120.84671,23.95993,731.4786987304688,21.743394498641322,31.882919411240273,340.1248779296875,10.833621613146827,0.491,1.0,0.0
158,1,121.00916,24.20389,702.7870483398438,27.349196684690646,45.32119785174172,329.0677490234375,18.130695817988062,0.713,0.0,0.0
159,1,120.72374,23.76349,187.15573120117188,15.865499715304198,34.258521583786624,193.33419799804688,11.026097613058655,1.482,0.0,0.0
160,1,120.76612,23.72799,483.8406677246094,17.303136339107724,38.23935016351856,185.25619506835938,13.191619734750807,1.406,0.0,0.0
161,1,120.85671,23.95268,439.5967712402344,26.127751730322444,38.554403596638664,298.8611145019531,16.068798660247253,0.014,1.0,0.0
162,1,121.02221,23.98939,548.2996215820312,21.4120286770183,45.061316442325605,472.14288330078125,13.919862682887874,0.12,1.0,1.0
163,1,120.7101,23.69819,649.3588256835938,29.560835886525616,43.838873251069,502.1841735839844,15.935829150204931,2.538,0.0,0.0
164,1,120.8012,23.55014,2061.24609375,29.000699761096307,40.38459703534202,397.2703857421875,16.36399759171688,0.42,1.0,0.0
165,1,121.35779,24.70097,629.5955200195312,35.321483580665536,46.028543877818855,459.84979248046875,19.841050084171652,0.045,1.0,0.0
166,1,120.41778,22.68052,47.61054992675781,4.685243519272063,10.667661836332417,37.75783729553223,3.079575418513749,16.166,0.0,0.0
167,1,121.06929,24.69558,111.97462463378906,17.25813324593901,29.428654844609962,114.97179412841797,10.51920410673306,2.524,0.0,0.0
168,1,121.83604,24.50047,203.3105010986328,27.63017215536763,44.290697956427906,606.3917700201273,14.956487705576357,0.764,0.0,1.0
169,1,120.9087,24.40089,396.74072265625,25.548034385546476,45.264040453624,383.8790283203125,16.12794653293215,0.997,0.0,0.0
170,1,121.00741,24.63702,161.73826599121094,17.753085413346188,37.58740446486038,263.71302795410156,12.495628933308613,0.365,1.0,0.0
171,1,121.48272,24.19086,964.76953125,47.90344052618244,61.240938705751574,691.1055297851562,33.2221142204451,1.881,0.0,0.0
172,1,120.71735,23.45011,940.4882202148438,30.948419558663968,50.606254812501454,604.8046264648438,16.750041870373206,0.92,0.0,0.0
173,1,121.77916,24.48957,95.96691131591797,22.422299287838182,42.50859038784802,292.1443748474121,15.304784737624116,0.396,1.0,0.0
174,1,121.6229,24.11825,60.184165954589844,16.276863333594978,38.852822114048905,325.8118724822998,12.246459392589665,0.042,1.0,1.0
175,1,120.8613,23.9103,601.5126342773438,21.549510954010483,33.32575987924589,285.8275146484375,12.161423252674451,0.136,1.0,0.0
176,1,121.48726,23.56724,67.43399047851562,19.346072343658054,30.88580206764651,147.02092361450195,11.585156907380005,0.155,1.0,0.0
177,1,121.7399,24.26495,22.694978713989258,23.796043109764483,45.070917839379845,401.21124267578125,16.405095175202383,0.316,1.0,0.0
179,1,120.58769,23.49188,357.9573059082031,19.45791970551404,32.45199676272693,249.3529052734375,10.816880283964018,0.205,1.0,1.0
180,1,121.65325,24.16402,21.26285743713379,12.929285239186292,40.876902601697836,472.8223147392273,13.337831167120347,1.404,0.0,0.0
181,1,121.27958,24.22442,2197.031005859375,38.77471007814154,47.72317022132675,741.5235595703125,19.043436887005882,4.488,0.0,0.0
182,1,120.81006,23.23063,705.7559814453125,24.965891999207294,42.3954890913024,345.63177490234375,14.999650144831476,0.811,0.0,1.0
183,1,121.20212,24.10975,2397.987548828125,33.88447071264503,43.415890366270986,504.3817138671875,17.04975540102048,5.885,0.0,0.0
184,1,120.9108,22.38714,61.301937103271484,17.333763279057074,31.864221590142513,227.5255889892578,10.70597910968354,0.296,1.0,1.0
185,1,121.06279,22.89446,325.1098937988281,18.245416467468626,31.346305669145803,356.7334442138672,9.884082113424775,0.422,1.0,1.0
186,1,121.47086,24.55402,484.80023193359375,13.542642933817591,35.2087075819308,308.4061584472656,9.517016105067125,0.714,0.0,1.0
187,1,120.80839,23.92842,590.4400634765625,18.894047628854725,27.751916209674945,239.6597900390625,10.047110483741498,1.098,0.0,0.0
188,1,120.86678,23.93953,398.0144958496094,19.918952854363738,31.497887679861517,225.93716430664062,10.81833289065156,0.557,0.0,1.0
189,1,120.95207,22.53192,32.22089385986328,12.425580456816405,31.561514331918474,238.80140113830566,8.519028954417927,0.075,1.0,1.0
190,1,120.43925,23.15038,108.07025909423828,13.023190997956135,25.86836183855268,87.40872955322266,8.31900205204044,1.366,0.0,0.0
191,1,120.39813,22.99917,106.632568359375,15.167875516779935,27.128299000515813,101.24102401733398,9.409831145362306,5.629,0.0,0.0
192,1,120.38014,23.05098,70.00788116455078,14.909952761576545,24.40061860226763,90.25918006896973,8.928420058144264,11.581,0.0,0.0
193,1,120.55286,23.17819,463.9873962402344,20.541236370140908,33.036845198036296,301.2872314453125,11.312223440983953,0.037,1.0,0.0
194,1,121.06598,24.00519,641.3383178710938,26.11528407695457,42.96789400358022,315.50164794921875,15.884012221239784,0.167,1.0,1.0
195,1,121.02912,23.91106,998.5651245117188,34.205008494434786,45.66307208283134,513.0960083007812,18.677435913339004,0.028,1.0,1.0
197,1,120.93396,24.2932,589.6609497070312,24.65885574781986,40.72692593591401,322.77410888671875,15.006714238369048,0.594,0.0,1.0
198,1,120.86755,24.03133,447.4778747558594,23.557246214231643,33.85109256915495,293.29693603515625,12.72879308267932,2.3,0.0,0.0
199,1,121.14065,24.27602,1618.958984375,35.28223672466953,44.36638921515932,592.13525390625,18.89057107888774,3.878,0.0,0.0
200,1,121.65636,25.06751,12.279776573181152,2.7326563164647286,7.744059427122805,32.91163218021393,2.2832853787842677,1.831,0.0,0.0
neg_0,0,120.62121647497959,22.860568361747667,120.25094604492188,1.1005230648831557,1.959160597446727,15.862617492675781,0.6208229468223742,2.036,0.0,0.0
neg_1,0,120.52248265469096,23.43551325529513,107.86799621582031,2.8824003812609065,7.017094518539992,45.68329620361328,2.337463955435533,4.344,0.0,0.0
neg_2,0,121.0343239308638,23.809565864657,545.5079956054688,37.762570595606675,57.56575671257019,274.7468566894531,31.96975727123363,6.972,0.0,0.0
neg_3,0,121.28991382170656,23.673705880768324,2036.1951904296875,27.183898078478002,37.7166008080683,491.584228515625,11.559311574934407,5.91,0.0,0.0
neg_4,0,121.01859054255668,22.75392648099429,235.20925903320312,32.41335038882057,46.580096914357725,324.6809844970703,20.72217954050686,1.477,0.0,0.0
neg_5,0,121.31142019223218,24.459109768398406,2453.465087890625,41.263587883874045,50.265630014259,718.212646484375,23.362432475481178,3.172,0.0,0.0
neg_6,0,120.74059132097902,23.963735031864886,330.2784423828125,12.223151853452306,22.451444159373697,133.32150268554688,7.683322289235039,4.07,0.0,0.0
neg_7,0,120.66222450982933,22.418189065293056,519.9293823242188,27.30972136543302,36.954672272942545,453.2781066894531,12.949722304987574,1.425,0.0,0.0
neg_8,0,121.24036532035119,24.101088203719748,1801.9005126953125,35.10186381707316,45.05000790882351,623.7117919921875,19.51550997320691,5.164,0.0,0.0
neg_9,0,120.90264260773579,22.726495668311856,2048.061279296875,25.9938179861256,44.2691873418507,441.1300048828125,15.042112816618385,7.104,0.0,0.0
neg_10,0,120.82512151111317,22.23362912406452,355.2650451660156,25.13075874124338,36.27252435605398,297.81813049316406,14.399745493782934,1.913,0.0,0.0
neg_11,0,121.1678732626713,23.198193034648224,1427.6114501953125,37.495330516228215,47.44209195833476,759.429443359375,18.940995148700345,3.781,0.0,0.0
neg_12,0,120.84245832842211,22.726237783752364,1563.82275390625,32.494815124973215,43.768982191369915,369.6539306640625,19.27529489780669,8.773,0.0,0.0
neg_13,0,120.9588469444689,23.789341437287387,533.099853515625,35.31827516756897,53.61258196003598,271.23614501953125,27.84138400927061,0.869,0.0,0.0
neg_14,0,120.69713953821272,22.836759938340307,500.7000427246094,23.474305524783,41.554437153828964,235.07827758789062,15.9675780085211,4.774,0.0,0.0
neg_15,0,121.38676595999712,24.373946369769875,2480.918701171875,33.834221425335485,43.75443014780828,582.058349609375,17.44445859057159,3.252,0.0,0.0
neg_16,0,120.68199699138322,23.27405068089383,604.0437622070312,27.257653030723336,38.16192206347725,374.5873107910156,12.994220637910013,1.637,0.0,0.0
neg_17,0,121.23774700189958,23.553227907369205,1852.101806640625,43.29147705329364,57.553152390994015,659.203369140625,29.433318257751168,9.122,0.0,0.0
neg_18,0,120.9549720718753,24.06694794928393,416.7837219238281,12.558071753981967,34.29065309043755,246.63629150390625,11.285770619665186,0.36,1.0,0.0
neg_19,0,121.56626168129885,24.712515169606615,938.0868530273438,30.294613380773814,42.84197111599803,291.48272705078125,18.92283225517446,1.344,0.0,0.0
neg_20,0,121.35544249508064,24.080243800144338,2477.268798828125,38.83040640350098,49.08556628181914,544.781005859375,21.825473190038313,7.738,0.0,0.0
neg_21,0,121.77791044452333,24.980669765758226,496.8052673339844,23.53238749237177,35.2049859849762,282.2658996582031,12.97066867374699,3.522,0.0,0.0
neg_22,0,120.77760522971776,22.772072198825857,1261.1475830078125,36.18137453214616,48.07706565354058,784.984130859375,16.873199393690513,5.489,0.0,0.0
neg_23,0,120.76203410318756,23.76134972336865,417.5072021484375,17.71635623668933,25.45242931532356,223.5230712890625,9.357369938393239,2.263,0.0,0.0
neg_24,0,120.67619718072895,23.47811865857685,875.2662353515625,24.423219285410376,36.8176466796854,381.46636962890625,13.439322418473761,0.472,1.0,0.0
neg_25,0,121.18706187757996,22.93394386147223,373.2730407714844,23.768032008216824,36.956265743622644,308.7735900878906,13.355272436966423,3.71,0.0,0.0
neg_26,0,120.7695167348899,24.352541358528043,327.26409912109375,19.02397169471122,29.73113232460573,163.82545471191406,11.210325318611225,4.664,0.0,0.0
neg_27,0,121.59177072433376,24.748895396872356,719.9880981445312,29.587902098154093,40.71322604953216,402.96295166015625,17.454568119763383,3.416,0.0,0.0
neg_28,0,121.38211203039218,23.17902814215057,332.2731628417969,25.90305167046654,35.578029202853735,559.2382659912109,13.317970173856184,1.1,0.0,0.0
neg_29,0,121.55696365382565,24.51403279258844,1747.0692138671875,40.1954981861028,48.754554798443706,947.437744140625,20.82171813282985,4.526,0.0,0.0
neg_30,0,121.47865518795118,23.434556634272386,182.04698181152344,23.128361763332173,33.916804010283,243.96155166625977,12.88594096316967,4.381,0.0,0.0
neg_31,0,120.77526967402119,23.348209716676298,1174.642822265625,34.05804095811164,44.25044960868076,642.5997314453125,19.008290073637372,6.618,0.0,0.0
neg_32,0,121.11185824898728,23.236939304555975,1940.2095947265625,36.405286615280495,45.88477935758784,742.1011962890625,20.832507364191418,10.089,0.0,0.0
neg_33,0,121.12345897494538,24.389658753892835,2236.877197265625,35.997253434636455,45.344381256812916,626.3673095703125,18.84728592975466,11.75,0.0,0.0
neg_34,0,121.460985135926,24.74736573103514,1455.8511962890625,36.37383514699848,52.200340544874656,495.0665283203125,21.74100309857095,2.225,0.0,0.0
neg_35,0,121.17865351434949,23.43964197519924,2281.3359375,37.967858426269984,50.351412400354896,666.482666015625,22.077900900753193,10.986,0.0,0.0
neg_36,0,121.82183357875208,25.061317575658244,148.66043090820312,25.336318909282944,37.52269965600554,226.2704620361328,15.295139861781477,0.461,1.0,0.0
neg_37,0,120.50547983665096,23.25968037880114,562.1062622070312,18.42985349364169,26.905809900742614,324.8245849609375,8.656887709580454,1.243,0.0,0.0
neg_38,0,121.28849386103576,23.749917874417374,1384.12939453125,38.489283915350406,49.04981028861971,609.708740234375,22.365617891708602,10.312,0.0,0.0
neg_39,0,121.80575690508192,24.52531034971937,345.7740783691406,36.42757065590232,47.550158830300624,550.3196563720703,21.844512841839226,0.835,0.0,0.0
neg_40,0,121.69940996260156,24.52569071522613,1141.10986328125,37.085414280239235,46.29689527507531,703.41162109375,17.796607582253813,7.073,0.0,0.0
neg_41,0,121.45082759090205,24.83144203213024,651.8479614257812,30.291783197073414,39.974073646584095,513.1001892089844,14.517849729231502,0.792,0.0,0.0
neg_42,0,121.17952092671383,24.672649762410188,838.1515502929688,23.269760528657315,34.26628419067765,305.78717041015625,12.401832123384377,1.13,0.0,0.0
neg_43,0,121.44082602945765,24.120701070784765,2739.637451171875,37.93642705254352,50.50527424434198,854.011474609375,20.589101252993345,4.662,0.0,0.0
neg_44,0,120.85093128886386,24.287817894308308,394.08026123046875,2.0067217339510246,3.600162730838678,29.44873046875,1.0526470213608827,1.978,0.0,0.0
neg_45,0,120.96077309102178,23.311294454170756,2060.21630859375,39.58507295664625,50.857304269437634,836.9693603515625,22.251636023014747,12.164,0.0,0.0
neg_46,0,121.15372333485888,23.825474990331077,2624.513916015625,31.802494887320616,44.71695107869891,436.587646484375,18.925121036487017,10.872,0.0,0.0
neg_47,0,120.92828026826564,24.077201546952114,651.1781005859375,29.885735031548982,42.83327873407721,284.2344055175781,18.5458321912736,0.366,1.0,1.0
neg_48,0,121.53808810859036,24.34023808178485,2045.681640625,38.83698763860368,49.85890613348545,595.546875,22.42533844411017,15.73,0.0,0.0
neg_49,0,121.13459096213866,24.68430782689605,406.40985107421875,22.7632747162486,32.596675955923075,199.67037963867188,13.023729340155608,1.4,0.0,0.0
neg_50,0,120.95492315711819,24.04032974640104,713.4464721679688,27.24235384107297,40.64821017843223,340.199462890625,15.91657484834273,2.139,0.0,0.0
neg_51,0,121.67877911347382,24.239416144244725,1667.26708984375,47.87193374281615,61.223615140341124,1089.1510620117188,27.69771905454062,0.979,0.0,0.0
neg_52,0,121.31574815175013,23.30114409689305,145.57534790039062,1.3692245499335767,3.2296979317118537,12.699020385742188,0.8319655951575781,2.412,0.0,0.0
neg_53,0,121.14456308909139,23.266485190718363,1253.7181396484375,39.27847730275677,53.78872877686138,749.3662109375,25.285554978397286,10.654,0.0,0.0
neg_54,0,120.95657336635486,24.50632696049259,883.2918090820312,30.51186593611598,39.72092487040489,373.27459716796875,16.151255291673312,0.507,0.0,1.0
neg_55,0,121.032494386869,23.066212368852774,2179.7041015625,32.79234073568963,43.41170809797251,385.240966796875,17.605233285877297,8.68,0.0,0.0
neg_56,0,121.7316946563827,24.60907938931056,181.4175567626953,30.522732875637683,40.56122206459325,472.0820083618164,15.450505998478086,1.762,0.0,0.0
neg_57,0,120.91694208873038,24.359473742067905,1056.06640625,35.36292901690819,47.23732894349408,526.9338989257812,20.86987309719188,0.144,1.0,1.0
neg_58,0,121.14354294375796,24.19334915515974,2611.53369140625,33.35494646598732,46.678920678693636,609.903564453125,18.31337350595856,1.162,0.0,0.0
neg_59,0,121.38922684554723,23.91341396611258,1864.83154296875,40.00727136901148,50.658690172851436,880.47021484375,20.812711767736594,2.561,0.0,0.0
neg_60,0,120.86229008654536,22.533018724244446,732.4890747070312,31.045653832915676,41.27516337338903,434.25640869140625,16.950865264492727,5.804,0.0,0.0
neg_61,0,120.59991617202853,22.910581510769127,268.4244689941406,24.161075517766154,35.124914437452546,341.46822357177734,13.110199810214876,2.963,0.0,0.0
neg_62,0,120.76183650584423,23.905925701360808,199.4435272216797,17.63036523168114,29.882775308959143,102.40048217773438,10.699991979856916,1.826,0.0,0.0
neg_63,0,120.77313442869429,22.820808940044667,1469.66796875,34.82590563822167,49.013333202271596,471.470458984375,21.56229954755382,10.069,0.0,0.0
neg_64,0,120.76538049736737,23.783316969202566,282.2066345214844,19.988994726488567,31.117423561051957,166.02235412597656,11.435629358340275,1.858,0.0,0.0
neg_65,0,120.77207614358838,24.09821414533824,321.0044860839844,21.92228833135455,33.85443722217325,179.46034240722656,12.578638663627633,2.342,0.0,0.0
neg_66,0,121.0755832150207,24.07699547938624,1519.5643310546875,36.72691255929124,46.614597790521216,638.7535400390625,20.239462105358605,4.105,0.0,0.0
neg_67,0,120.59273305527388,22.955769454597807,156.40469360351562,20.79694999602605,29.999401865392404,243.75732421875,11.097968140314983,1.96,0.0,0.0
neg_68,0,120.86699197144809,24.56283527404267,122.51542663574219,19.97353047651787,29.507850586278852,109.6104736328125,11.723735562067734,7.498,0.0,0.0
neg_69,0,121.27285890025487,24.548534384863263,2490.307373046875,32.995203666521235,42.45678155832865,411.228759765625,18.60641774092706,5.712,0.0,0.0
neg_70,0,120.52686722354174,23.409793794553604,124.3919677734375,9.153750508042917,19.641070764700554,148.17211151123047,5.416497304588665,2.739,0.0,0.0
neg_71,0,120.90473099983906,24.107390232791737,686.5254516601562,27.199683906350895,37.94662442908322,427.182861328125,14.542395377962315,0.32,1.0,1.0
neg_72,0,120.83294015327739,23.340704713864096,1951.3135986328125,32.07622071123194,40.47708019058541,625.8167724609375,15.517463687453034,8.63,0.0,0.0
neg_73,0,121.89381096150026,24.982543457551177,234.6875,19.919905483403255,31.689345906727866,273.0679626464844,11.404583579585966,2.524,0.0,0.0
neg_74,0,121.35978248340653,23.97119950415583,1964.509033203125,44.36973850575393,57.74157989902213,863.416259765625,25.240126874934234,8.232,0.0,0.0
neg_75,0,121.25444628616559,24.197650247028285,2667.1357421875,33.76496315164646,44.21629001033254,657.7998046875,16.383930883421737,3.497,0.0,0.0
neg_76,0,121.39073134366703,23.867012100104617,1306.6143798828125,34.04409334905239,44.37922796512704,593.0926513671875,18.124259000434325,1.189,0.0,0.0
neg_77,0,120.68823838035414,23.66942647777414,339.0805969238281,20.32395942092859,32.85627555681305,336.1074676513672,10.86950235895188,0.471,1.0,0.0
neg_78,0,121.4225382061988,23.352626437301865,1029.8984375,41.95563366582214,53.491615738551694,755.75537109375,23.828284941718092,0.055,1.0,0.0
neg_79,0,121.74553623546086,24.506565030683532,359.3753967285156,43.34991707668372,58.3963116981512,554.4419097900391,30.621015802743035,4.1,0.0,0.0
neg_80,0,120.62303195947447,23.443929248561066,464.5316467285156,30.462684458677245,42.08343772062466,494.8631896972656,16.673648943091838,1.768,0.0,0.0
neg_81,0,121.63895777648314,24.267833842492493,1474.7801513671875,49.19109706499926,64.26907430034947,1301.3660888671875,30.694598747669986,4.416,0.0,0.0
neg_82,0,121.12766101847456,24.820844568247253,229.9810333251953,21.883073501747138,34.233823314094735,169.44754791259766,12.811039673486624,2.817,0.0,0.0
neg_83,0,121.30313201789313,24.454478879795463,2251.490234375,38.83204780536344,50.55160731806008,557.894287109375,22.89047519300327,3.453,0.0,0.0
neg_84,0,120.77543630808354,24.400977515309933,331.05322265625,15.785650714738805,24.65628010281786,101.86224365234375,9.378159456822589,2.747,0.0,0.0
neg_85,0,120.91854781104628,22.893622676298847,1268.8973388671875,36.65555081221579,49.16442000433599,720.0415649414062,21.083636936405586,12.335,0.0,0.0
neg_86,0,120.95486778409287,22.639666652287513,1209.7578125,31.105365412186043,41.05416319069222,537.2609252929688,14.768553630226904,2.377,0.0,0.0
neg_87,0,120.97201167755723,24.675904190555833,128.27659606933594,16.526218354243404,28.008965224095256,121.86261749267578,10.236772771310857,4.895,0.0,0.0
neg_88,0,121.77388950626356,24.891378033738697,772.987060546875,24.851443574897253,36.7944683300288,347.1290283203125,13.93684121784373,2.129,0.0,0.0
neg_89,0,120.80401170982137,22.429138787415226,888.6986694335938,32.91356352162312,47.88763776821641,487.8468017578125,20.487458277416078,7.16,0.0,0.0
neg_90,0,121.17080185675479,24.49524357206323,2048.855224609375,34.70587153557684,43.59767909348029,656.2076416015625,17.068163304279,9.785,0.0,0.0
neg_91,0,121.20803395347117,24.66958539094684,478.43145751953125,27.772461031998873,43.2235012813278,277.8981018066406,16.59538328936654,0.323,1.0,1.0
neg_92,0,121.19458882118133,23.593728672532375,2966.906982421875,28.185507989483757,39.821408475586914,323.202392578125,15.881964465930942,12.635,0.0,0.0
neg_93,0,121.11713901635791,24.431220608136787,1244.96875,39.25013152691933,51.36478751483213,484.643798828125,22.470297124739382,9.875,0.0,0.0
neg_94,0,120.8261860721742,22.831659532180506,1229.55859375,29.432485575895786,46.47096889283574,383.7437744140625,20.104796439201667,13.302,0.0,0.0
neg_95,0,120.76317484187372,23.76885988998803,463.1781311035156,18.60336002572485,27.278214763924254,170.62469482421875,10.266147462780216,2.536,0.0,0.0
neg_96,0,121.4076537650865,23.829154515057397,710.5894165039062,23.988324489853714,31.337936515219944,545.2972106933594,9.660121340379483,1.777,0.0,0.0
neg_97,0,121.74076808810645,25.040461596481542,382.0854797363281,27.475654467151806,39.97702815810864,277.03330993652344,16.167003273991078,2.03,0.0,0.0
neg_98,0,120.93428872109828,24.183056814103413,689.453857421875,31.74313211640526,45.58811408876138,543.6083984375,16.598889240676886,0.114,1.0,1.0
neg_99,0,120.73084535515248,23.924571258016627,153.32215881347656,13.245217680339744,26.714707289607272,134.9566192626953,8.780843322932835,4.575,0.0,0.0
neg_100,0,121.81860447049638,25.067336345522417,325.16302490234375,27.74098217087681,43.104029149718095,287.0246810913086,16.94334534985029,1.121,0.0,0.0
neg_101,0,120.89765613468857,23.978529880052818,391.3537292480469,19.69584962121998,38.9129901602683,208.40496826171875,13.592205556283067,1.447,0.0,0.0
neg_102,0,121.46034348441925,23.540352541799997,331.7444152832031,33.227559561375344,48.40493999694157,399.7787628173828,21.211509151436665,3.225,0.0,0.0
neg_103,0,120.94052098116246,23.84574669359465,915.7271118164062,31.68322464631344,41.707943251399385,434.702392578125,17.9970993425511,0.138,1.0,1.0
neg_104,0,121.51126725921333,24.241235885285015,1491.46484375,34.61835931770464,44.51804541101857,584.12255859375,18.4730878731148,4.839,0.0,0.0
neg_105,0,121.60578041817384,24.97663814959278,427.3746643066406,27.45059076326058,39.22075428559989,299.1005096435547,15.941359349391918,0.969,0.0,0.0
neg_106,0,120.76827050289938,24.510336913692356,137.1619415283203,6.000750572896658,12.902061491464753,114.51851654052734,3.430119401815396,5.836,0.0,0.0
neg_107,0,120.96598425137908,23.446284673821697,3523.599609375,37.48944491287742,50.55552297392059,636.031982421875,22.321966591495016,9.181,0.0,0.0
neg_108,0,120.79154393704056,23.393173565081185,1722.9329833984375,33.913422721019444,44.6079469972057,659.5240478515625,17.4275470507128,5.113,0.0,0.0
neg_109,0,121.3773758283143,24.668057309892177,895.7100830078125,34.35863855773559,44.912940965668376,537.9510498046875,19.132639477889736,0.313,1.0,0.0
neg_110,0,120.56971269740717,22.948541219473075,249.73292541503906,21.3130042794806,30.929046382711963,287.7747039794922,10.979723889554398,2.385,0.0,0.0
neg_111,0,121.4291231382949,24.50973639540517,830.5289916992188,28.241432821800196,44.22917630305551,499.8277587890625,17.00687049700306,1.449,0.0,0.0
neg_112,0,120.71384054890605,24.00294599514748,112.5534439086914,6.97052116217925,22.230223537366744,144.5762710571289,5.483743499817762,2.068,0.0,0.0
neg_113,0,121.0684273410917,23.97450113342909,1538.3626708984375,35.20800728936397,46.73110210045833,443.1314697265625,19.80891335935788,0.345,1.0,1.0
neg_114,0,120.89217769063632,22.606851389208703,859.4572143554688,32.61202713105508,44.718477177737476,581.0014038085938,17.84955221308149,5.825,0.0,0.0
neg_115,0,121.38657334293606,23.78760816124291,1859.76513671875,28.730493753789823,48.763630173009794,467.387939453125,19.412813301221405,3.995,0.0,0.0
neg_116,0,121.31348903515148,23.689924096942118,847.8885498046875,41.48307265602351,57.10227047908464,673.3604125976562,28.285800801023605,5.718,0.0,0.0
neg_117,0,121.42079706379882,24.70189673426331,1410.6451416015625,34.496017340822775,42.88990362969489,645.7677001953125,17.424608652191896,0.32,1.0,0.0
neg_118,0,120.8251883797732,22.974135971914638,2492.408935546875,35.38452130214378,47.58297118374423,624.9794921875,19.080389909216578,12.959,0.0,0.0
neg_119,0,120.90756466187821,22.588464641610646,359.8851318359375,25.554869169681986,40.819954631457584,302.021484375,15.849771235347777,3.571,0.0,0.0
neg_120,0,121.46053724683937,23.633871259950023,465.10186767578125,26.506763196184984,36.00745926095507,359.8424835205078,12.91785546864655,3.444,0.0,0.0
neg_121,0,121.78114789136076,24.993436258561697,336.15643310546875,29.763205442864574,41.919124860755694,375.04295349121094,17.68029872157742,2.348,0.0,0.0
neg_122,0,120.64935580598767,22.867324129654925,396.2535705566406,30.94240808793239,42.73393407067056,532.9295349121094,16.140276130351896,0.675,0.0,1.0
neg_123,0,121.03341423113235,23.40208805425614,2797.5615234375,33.54026714698705,44.69797174476787,471.150390625,18.81876867786384,17.54,0.0,0.0
neg_124,0,121.27869282002338,24.41791394125318,2936.9111328125,42.90194680382595,61.647174344562075,650.65380859375,32.221550650026,4.678,0.0,0.0
neg_125,0,120.8789986511936,24.17792151512013,622.1520385742188,21.35243648097698,36.455108355548056,377.30401611328125,12.210658591171441,0.161,1.0,0.0
neg_126,0,120.78202903731666,23.637730557481586,1499.893798828125,34.79264316521982,47.348794994836354,600.0616455078125,19.496537641510887,0.217,1.0,0.0
neg_127,0,120.60646547247772,24.165984197450964,116.7591323852539,3.6134850307091466,8.615952433027825,56.10619354248047,2.2163566323483295,11.067,0.0,0.0
neg_128,0,120.77708864229811,23.108450327080412,1078.3922119140625,36.41618657378529,48.76950406361627,635.7811279296875,21.444608053030016,5.932,0.0,0.0
neg_129,0,121.78155200219325,24.928664155559236,797.821044921875,25.98154590684501,38.80877873176478,287.58746337890625,14.311827690071677,2.698,0.0,0.0
neg_130,0,121.27491204767304,23.698508226404844,1834.3642578125,42.51386122902903,53.40164986268529,930.728515625,25.099211764619856,9.046,0.0,0.0
neg_131,0,121.1958201437996,23.35691472408654,461.19146728515625,36.75405750262507,52.95282231330567,411.6990966796875,25.083916786568228,6.52,0.0,0.0
neg_132,0,120.87991964503546,22.609363662018122,1156.1483154296875,31.944539445212204,43.99699913296875,500.11065673828125,17.26928000282866,7.022,0.0,0.0
neg_133,0,120.81825110107684,23.498778439313362,2265.65869140625,24.733163122363614,37.58973259378925,386.1522216796875,13.083525247453187,0.799,0.0,1.0
neg_134,0,121.2144977504344,22.998209341267103,598.072265625,28.556677213043027,42.3285078425131,516.7372436523438,15.245336236747791,2.355,0.0,0.0
neg_135,0,121.29052407639323,23.377608539178016,478.146240234375,26.977132597316377,35.48654223606076,448.1414794921875,13.524063912554686,1.488,0.0,0.0
neg_136,0,121.15527913908208,24.544245751115877,1186.76904296875,32.246537303885844,42.8888083632227,600.8700561523438,15.293921772743342,4.685,0.0,0.0
neg_137,0,120.86869246399294,23.33143441373895,2451.0419921875,33.64477104026489,41.5560134884274,576.408447265625,17.537988855000798,8.674,0.0,0.0
neg_138,0,121.31123619587079,24.379996202704735,1817.86279296875,27.58645956239989,43.722910085604674,362.091552734375,16.475229810676282,2.188,0.0,0.0
neg_139,0,120.96070375891425,23.50387998250716,3393.64990234375,37.19530529010177,46.85646159745826,728.961181640625,18.805593863596712,6.058,0.0,0.0
neg_140,0,120.64835309149565,24.298685890573793,109.44941711425781,2.1863478294357868,4.740049091784593,74.05738830566406,2.58003501199265,3.05,0.0,0.0
neg_141,0,120.62463523891977,23.977631452714768,208.71609497070312,14.939299793372971,28.446374811672207,129.8376922607422,8.366658602653368,9.507,0.0,0.0
neg_142,0,121.68584206167388,25.131051360879454,137.6810302734375,17.949234527975054,26.772449605609776,173.68534088134766,9.752855294053926,1.264,0.0,0.0
neg_143,0,120.67415907034685,23.865430308689596,196.5661163330078,3.708738681366338,7.449571569332291,49.82466125488281,2.485268374747145,3.91,0.0,0.0
neg_144,0,120.54491120132208,23.020500934386003,218.3739013671875,12.276690120865762,23.828737204680273,126.89216613769531,7.6624630924817705,2.551,0.0,0.0
neg_145,0,121.21219503548537,24.06612016241159,1996.6524658203125,26.23105258811679,38.27239715322462,344.27734375,13.761603070234386,1.292,0.0,0.0
neg_146,0,120.69309239908179,23.30792946158458,1020.0879516601562,23.843895693971003,34.6530432046083,435.17572021484375,11.65756038651249,0.863,0.0,0.0
neg_147,0,121.25770351750221,24.95804764261959,137.26649475097656,1.0912482650707527,2.1593079979782765,12.804733276367188,0.604566834448129,8.813,0.0,0.0
neg_148,0,121.44759509494575,23.52455476381628,194.30165100097656,34.09920306473221,50.07240257351742,319.22076416015625,22.337578044056595,3.301,0.0,0.0
neg_149,0,121.249279896835,23.655909627657245,1871.0574951171875,31.84407892681547,48.40569800015615,625.829345703125,18.686818215538132,7.405,0.0,0.0
neg_150,0,121.02197047618799,22.75152650245971,364.8494567871094,33.66581418397226,46.762007631302566,577.5127105712891,18.69642713160711,1.378,0.0,0.0
neg_151,0,120.83606255936212,24.108831621497952,882.0626831054688,27.747650864531266,39.778327738651306,268.73992919921875,16.760040143838328,0.624,0.0,0.0
neg_152,0,120.73459246471968,22.241701337421762,543.0009155273438,28.028025395901818,36.93376580616028,359.9201354980469,14.231696811623708,3.89,0.0,0.0
neg_153,0,121.14756032651398,23.700003126123015,1612.24658203125,33.18248703367082,43.98166906506002,555.791015625,18.359307233730018,18.868,0.0,0.0
neg_154,0,120.74600321878792,23.028977360505507,1479.40283203125,28.196612172754257,36.569036542991896,518.065673828125,12.744672071556078,4.232,0.0,0.0
neg_155,0,121.03385927260224,24.440368451406016,1771.8743896484375,31.096369807326468,42.194276286498,626.9173583984375,15.492726490418043,3.367,0.0,0.0
neg_156,0,121.3476887548839,24.027434407701385,1147.793212890625,36.53006452299343,47.7161381737076,562.00439453125,23.050914812734597,7.034,0.0,0.0
neg_157,0,120.84054490138746,23.786394937034384,729.567138671875,30.02301463766016,41.43526299744457,486.70928955078125,15.852965889008347,0.865,0.0,1.0
neg_158,0,120.9429050173371,23.703096529249876,2466.430908203125,41.03764100515972,53.34503790198023,820.8892822265625,23.74180073208425,0.777,0.0,1.0
neg_159,0,121.46579262600599,23.51022294159301,307.0379943847656,30.59382780138711,42.81815498632308,441.8854217529297,17.63607815248483,0.895,0.0,0.0
neg_160,0,120.84689597817487,23.161503597095983,2458.73681640625,36.91182031318193,47.763293836294515,603.94677734375,19.790997769930108,1.832,0.0,0.0
neg_161,0,121.01148249399685,22.870078448372144,457.90118408203125,39.429863828862835,57.00359822583245,582.5914001464844,27.232256538076708,3.782,0.0,0.0
neg_162,0,120.90246047321887,22.911751527477993,1619.044189453125,31.573747823352697,42.54962530895018,528.967529296875,17.019761567888896,14.439,0.0,0.0
neg_163,0,121.71573011490148,24.825234832534065,567.7174682617188,24.911515076481805,36.94522502363874,356.6788635253906,14.010683738319468,0.658,0.0,0.0
neg_164,0,120.70494717665677,24.036040192634136,205.21156311035156,18.668539122013886,28.944952655416746,147.89703369140625,10.502812274308495,0.634,0.0,0.0
neg_165,0,121.13716724519244,23.430277234844812,2228.580078125,34.263420886826204,46.63157241376101,532.447265625,19.33298622637914,13.875,0.0,0.0
neg_166,0,121.36475370767391,24.645753265084394,1416.0648193359375,35.73045205162505,45.06701285177071,489.1656494140625,20.838397890381003,1.506,0.0,0.0
neg_167,0,120.66878940969421,24.34276439493451,134.65740966796875,2.513382709137594,5.538312028638243,44.36888885498047,2.0465603364968485,4.591,0.0,0.0
neg_168,0,120.91631774621969,22.67679620051131,1016.7952270507812,35.03655271438942,49.45409277309876,633.8875122070312,20.616081391464647,6.394,0.0,0.0
neg_169,0,121.48804824086103,23.501249560324506,610.3419189453125,37.157102278472806,47.10561370990571,423.8564147949219,21.560844630469774,0.199,1.0,0.0
neg_170,0,120.660260628186,23.58457886437201,901.3344116210938,34.442740697103126,49.335939934241274,583.0327758789062,20.90742733436687,2.009,0.0,0.0
neg_171,0,121.08758887447617,24.295967191034865,2296.138427734375,43.39382399881096,53.047620168707894,960.4080810546875,25.027869972562346,7.269,0.0,0.0
neg_172,0,121.30766106992235,24.23998148663521,2483.0576171875,34.89939249472406,44.65317711594119,629.1531982421875,15.93285694350927,7.339,0.0,0.0
neg_173,0,120.78735749241199,24.236824302767992,564.4686279296875,9.877417082753611,22.642825877065302,146.23654174804688,6.70430759254813,0.476,1.0,0.0
neg_174,0,120.70804401768335,23.995989703369787,162.1197967529297,9.193529638197864,20.05213695466257,107.0977783203125,5.933915773493514,2.98,0.0,0.0
neg_175,0,120.94204258250622,23.841655046412587,1021.4766235351562,33.772035520235555,42.31973603528628,487.08355712890625,19.40829003038687,0.072,1.0,1.0
neg_176,0,120.65343255686389,22.84971278430514,724.091064453125,32.08620751249742,45.302109654970764,509.9522705078125,17.294288784731876,0.247,1.0,0.0
neg_177,0,120.88706216205799,22.89423394938427,1991.881103515625,36.20976723809582,47.4394730197256,401.1475830078125,22.34698084038879,15.152,0.0,0.0
neg_178,0,121.68450612989014,24.475155066491872,1066.4200439453125,34.1008465389898,45.623296747117486,608.8363647460938,19.246172187085538,7.531,0.0,0.0
neg_179,0,121.2537080618609,24.90736078954311,170.3079833984375,2.066841854500582,5.066158390309874,30.711288452148438,1.7651048673112353,7.322,0.0,0.0
neg_180,0,120.75937047487683,24.05126358566694,242.44105529785156,22.408939683747512,35.47698671857027,223.36959838867188,13.56838007803478,2.746,0.0,0.0
neg_181,0,120.81017858278504,21.97671725162077,142.8261260986328,11.185804852429422,16.801274583134546,124.67593383789062,5.431979024711968,4.03,0.0,0.0
neg_182,0,121.4282903055818,23.43031730160327,1032.5999755859375,36.105591928535375,48.58635973501495,528.5661010742188,20.56973540488324,4.93,0.0,0.0
neg_183,0,121.35227456792147,24.2221695553469,2652.284423828125,36.61952361696572,50.095275221110754,674.3115234375,21.13798430495795,9.193,0.0,0.0
neg_184,0,120.82594315744198,24.4703980339659,150.79856872558594,1.7232237236361696,2.687464376745675,22.60516357421875,1.103214914878608,1.935,0.0,0.0
neg_185,0,120.94870399444397,22.709098713114063,1475.6263427734375,33.397906776020335,44.742732167262346,552.9185791015625,17.911225541008243,2.069,0.0,0.0
neg_186,0,121.64112972535645,24.719498813913216,109.8330078125,33.145037004733304,48.76321285952869,311.5096969604492,23.051718377279457,0.78,0.0,0.0
neg_187,0,121.68716328921192,24.411925584755334,1214.903076171875,38.79040871738159,52.317591439665996,761.7483520507812,22.267410868614714,6.316,0.0,0.0
neg_188,0,121.53107650121991,24.306146357241545,1838.94482421875,34.481539968457554,45.07226855667519,557.329345703125,20.460878744506374,12.011,0.0,0.0
neg_189,0,121.37852391065263,23.684681906680083,378.79510498046875,21.62496065857115,32.56629748040834,455.8650360107422,8.737001703047541,0.907,0.0,0.0
neg_190,0,120.75587087110122,23.35423130549733,1828.370849609375,36.95439841798315,60.83463586414866,740.8101806640625,29.097496775983377,4.758,0.0,0.0
neg_191,0,121.55333169577551,24.88574784050065,169.46920776367188,25.443999615275843,37.416757302009486,367.7542190551758,13.890581372442487,0.308,1.0,1.0
neg_192,0,121.04333967815595,24.6517568702465,296.25634765625,25.67509378799507,36.94788105625481,228.37786865234375,15.233811946829531,1.686,0.0,0.0
neg_193,0,120.90414357046741,23.119072553626406,2506.6748046875,36.438122878837106,51.11910989493711,652.20263671875,20.979281924383248,4.741,0.0,0.0
neg_194,0,120.87700622091616,22.580479040520682,423.6152038574219,25.032797950574757,39.63512421935021,445.26390075683594,13.549276794491025,5.721,0.0,0.0
neg_195,0,120.71574092618664,23.304661916843614,1249.999267578125,30.738213426875014,43.22881014956229,616.5692138671875,15.72253401613267,3.128,0.0,0.0
neg_196,0,121.33688850174806,23.490964176684212,184.6443328857422,9.636372838311026,27.85046183522364,156.21401977539062,7.536021307735468,1.374,0.0,0.0
neg_197,0,121.00164183417621,23.747754490569093,1872.7275390625,34.46615872379802,43.40248451501823,624.02294921875,17.507347324311674,4.917,0.0,0.0
neg_198,0,120.93725570774663,24.232137593600953,1803.1563720703125,30.785373569329376,42.031956874198166,511.0501708984375,16.851639530287493,0.683,0.0,0.0
neg_199,0,120.64709095745069,23.249313953408215,453.797607421875,22.795093197481265,40.098216319500146,353.86798095703125,13.84527083556516,1.734,0.0,0.0
neg_200,0,120.9033970626203,22.91225557635073,1560.982421875,31.317906247467352,42.61193237312486,516.5257568359375,16.54952766866312,14.337,0.0,0.0
neg_201,0,120.98200334840547,24.232975280295513,1931.0894775390625,38.60900366785121,47.75219623503143,722.706787109375,21.059498824160812,1.692,0.0,0.0
neg_202,0,121.32415325339895,24.401200210144623,2659.010986328125,34.006403966533085,44.71834735794073,567.01611328125,18.41098514651009,1.733,0.0,0.0
neg_203,0,120.63340950556554,22.87182258314925,133.8481903076172,1.6101866725065757,3.577922971129152,21.89299774169922,1.0931134593794907,1.462,0.0,0.0
neg_204,0,121.29855056188664,24.881457668680362,165.54080200195312,6.155462161699693,21.20639706037341,95.65364074707031,5.02093137638792,2.097,0.0,0.0
neg_205,0,120.698704299277,22.557908407230066,468.6551818847656,30.97813144541236,43.68309472245297,617.0006408691406,15.710838053709734,2.235,0.0,0.0
neg_206,0,120.82295199883558,24.09983251044933,646.053466796875,32.1339263723229,44.71734838314806,598.1092529296875,17.016838405373974,0.242,1.0,0.0
neg_207,0,121.40989649595535,23.458334728857086,213.28347778320312,21.43875751827127,37.502826190258055,261.63941955566406,12.755259815582857,5.891,0.0,0.0
neg_208,0,120.95632679225707,24.374834981565233,832.2850341796875,24.03027212459534,40.58315918778452,469.4901123046875,12.63312458376059,0.684,0.0,0.0
neg_209,0,120.85046392600418,23.009856509793956,2473.242919921875,38.76001341779126,51.08728056732354,558.45654296875,23.76504277790357,14.616,0.0,0.0
neg_210,0,120.89972334966973,22.822244596424085,1973.8052978515625,33.879865998757744,45.0667502839836,457.496337890625,19.673453025807603,12.2,0.0,0.0
neg_211,0,121.3465950026458,24.860636561640398,417.34454345703125,25.570323507237337,35.04644129276018,338.5877990722656,13.407257731569828,0.303,1.0,1.0
neg_212,0,121.63664191033062,24.875628549490564,490.9254150390625,30.4096490133094,40.56205687467735,404.808837890625,17.379359424178244,6.165,0.0,0.0
neg_213,0,120.94536992251356,22.810171145591703,1743.728515625,32.75987268194926,45.19502100011577,567.386474609375,18.59316234926951,7.831,0.0,0.0
neg_214,0,120.98598137637829,23.05710955247592,2223.5830078125,33.07415157092922,41.704176150907344,466.531494140625,17.605313357282686,10.67,0.0,0.0
neg_215,0,121.57265098171919,24.76939553104961,832.0164794921875,29.245517202120222,41.923806531364946,386.28216552734375,16.900828754029266,5.675,0.0,0.0
neg_216,0,120.78650568618603,23.498337983637818,1906.8800048828125,29.975068174637762,39.300950312793645,575.838623046875,13.609607478779566,2.329,0.0,0.0
neg_217,0,121.28951417903531,23.828377133938027,2240.15478515625,33.6027451683991,43.34856353941283,585.20068359375,17.925119324470433,12.331,0.0,0.0
neg_218,0,120.77755172443233,23.04237995476546,796.908935546875,26.37760695443804,41.582636748598226,368.50091552734375,15.532240409775891,6.4,0.0,0.0
neg_219,0,120.91987041456406,22.890425456821255,1176.4185791015625,38.40810869642517,50.861722773691106,799.1552124023438,22.164327530070427,12.026,0.0,0.0
neg_220,0,120.78782093507297,23.046703076924473,821.4234008789062,25.16483832938988,44.759406528653386,273.01934814453125,17.66808342957461,7.344,0.0,0.0
neg_221,0,120.77251307152963,24.035656856777184,319.0372619628906,24.585709020789665,37.92115778504756,189.99008178710938,15.674773865770835,1.663,0.0,0.0
neg_222,0,120.93964775926324,24.3610324088857,768.3245239257812,29.2027897309705,41.81976093904429,467.08416748046875,17.15755530504239,0.265,1.0,1.0
neg_223,0,120.81366350389095,21.968577997777615,263.04241943359375,10.232719301657793,16.87370955721941,136.93116760253906,4.825477827745173,4.269,0.0,0.0
neg_224,0,121.34680804789413,24.4809542241889,2583.093994140625,33.13298243262078,46.11708309625901,676.404541015625,15.529170851096577,3.892,0.0,0.0
neg_225,0,121.31422757256749,24.792111667451657,603.388427734375,32.77812377910937,43.4785550987751,474.2525939941406,18.127215280461286,1.869,0.0,0.0
neg_226,0,120.54894039875002,23.49384679553282,105.63361358642578,10.017879056064505,21.630611288288037,79.00350189208984,6.866320077016186,1.345,0.0,0.0
neg_227,0,120.70510107286174,24.160131088070457,107.70545959472656,1.6825048384153254,4.066481801734846,20.626617431640625,1.1632335965336387,4.756,0.0,0.0
neg_228,0,121.08921533904456,24.26772793666254,1796.6036376953125,38.561846799854706,47.9090527361414,820.7742919921875,19.962588936627505,4.234,0.0,0.0
neg_229,0,121.50600471398614,24.390787920072842,2088.775390625,39.41207625627475,56.11066530269437,407.574462890625,28.338210055687707,9.54,0.0,0.0
neg_230,0,120.85689376137769,23.189060577048622,1632.3035888671875,41.011151702742254,52.77723324551277,883.14013671875,22.94186383685545,0.354,1.0,1.0
neg_231,0,121.60309192536239,24.520958160705565,1915.08544921875,26.025688150647387,42.238186085482766,420.2606201171875,15.012444755776587,4.997,0.0,0.0
neg_232,0,120.85375162303616,24.140874580276368,885.7096557617188,29.648428142379856,40.6576343392251,346.03753662109375,16.697759117076295,0.431,1.0,0.0
neg_233,0,121.02299309643652,23.553652833906995,2345.09912109375,37.17155205145536,48.360155296154595,651.99169921875,20.4277158661845,7.444,0.0,0.0
neg_234,0,121.01891438150076,23.58106167944924,2018.031982421875,34.46937005359267,44.244058834679656,552.842041015625,17.436694694496943,6.622,0.0,0.0
neg_235,0,120.93190566345746,23.29976148993611,1370.069091796875,37.65999509239984,51.071997072961175,537.20849609375,24.537911684761205,9.912,0.0,0.0
neg_236,0,120.64070999699494,22.728561629928738,170.6544647216797,17.1641924353486,34.40866031560254,273.29285430908203,9.974155208558727,3.023,0.0,0.0
neg_237,0,120.76543519575743,23.631973365680402,1554.0377197265625,42.639025489486514,57.32123201006295,797.388671875,24.828414372786632,1.231,0.0,0.0
neg_238,0,120.92585593115696,23.334210980310914,1448.69140625,39.93931498577393,55.862664412850584,741.802978515625,24.49437538214767,12.599,0.0,0.0
neg_239,0,121.3570613183027,23.93399035389851,2220.701904296875,32.85344656074147,48.77174900592877,453.299072265625,20.53929946209598,6.278,0.0,0.0
neg_240,0,120.66723522225281,22.60135844075921,811.7078857421875,28.627742424081383,40.704150968126584,425.9110107421875,15.746763448591823,1.629,0.0,0.0
neg_241,0,121.16220078743756,22.963268158461634,170.14088439941406,2.2574115994636834,4.370085556257155,34.1326904296875,1.6709999250971572,1.736,0.0,0.0
neg_242,0,121.2143091677147,23.816468966276624,2244.077880859375,38.803896055725154,48.77159839942227,481.458251953125,24.041629865215867,15.831,0.0,0.0
neg_243,0,120.78751695193263,22.73076356022433,1007.1554565429688,41.10460249389024,53.54702393463927,893.622314453125,22.291310530004036,3.193,0.0,0.0
neg_244,0,121.85402616319644,24.961613307590476,578.5158081054688,26.12378947191654,41.64710117414691,307.453369140625,16.20897969383356,3.195,0.0,0.0
neg_245,0,120.73803401941058,24.291601971061617,285.5099792480469,7.676715720817834,16.53861011539759,109.18218994140625,4.851769606844062,3.356,0.0,0.0
neg_246,0,121.0050647965964,22.86870040677702,790.8402099609375,42.258775034526586,59.621551636277296,580.3135070800781,28.745721323461446,3.974,0.0,0.0
neg_247,0,121.50332756194418,24.683072593329154,1827.0311279296875,32.97173412153537,43.69985360794134,528.453857421875,17.84721928553301,3.778,0.0,0.0
neg_248,0,120.68227404776538,23.496806572331234,1276.650146484375,31.21555095626782,44.50171149310753,520.7213134765625,16.437083011439896,0.466,1.0,0.0
neg_249,0,121.65087731285743,24.597932625414796,423.7159423828125,31.127280066618127,42.43806291878201,360.31561279296875,18.80643013615405,1.123,0.0,0.0
neg_250,0,120.78826549567515,24.48720785407819,149.39752197265625,2.5444701223169046,6.3299748521661305,60.60322570800781,2.6664206122141794,2.87,0.0,0.0
neg_251,0,121.31148508826693,23.042814798099126,446.1589050292969,27.54694317492076,40.111269441373196,405.91485595703125,15.451088437795951,0.127,1.0,0.0
neg_252,0,121.46204086447138,24.75392044767057,1163.4713134765625,36.36821759081651,48.25057522418371,611.4832153320312,21.550182805334536,1.84,0.0,0.0
neg_253,0,121.68606516625934,24.294432220272462,1523.1351318359375,38.1182867072857,48.11717684988813,527.16748046875,20.63784044747424,4.668,0.0,0.0
neg_254,0,121.6096012271402,24.91225581620904,259.4753112792969,19.677694145798448,34.30119494074725,216.33023071289062,11.129541621152299,3.028,0.0,0.0
neg_255,0,120.72785475853529,23.315148633021714,965.3262329101562,25.830387014023497,38.237321396821415,495.72442626953125,12.71953221751308,4.416,0.0,0.0
neg_256,0,120.87525286468436,23.860339286182832,572.1067504882812,27.25979619293933,42.68854421719521,415.0746154785156,15.411281943145623,0.543,0.0,0.0
neg_257,0,120.58344356359639,23.143201656701375,250.75851440429688,18.66492705764294,30.04956006831126,240.0288543701172,10.095226893789977,1.905,0.0,0.0
neg_258,0,121.222870144088,23.358247776892913,632.9703979492188,44.57493419882187,59.325843167418675,923.0702514648438,30.86979899496918,3.854,0.0,0.0
neg_259,0,121.23473927077232,23.239386644805005,962.39599609375,32.912412135990536,44.47196905172999,551.2057495117188,17.06546283596374,2.979,0.0,0.0
neg_260,0,121.17180056461055,23.814049295189967,2016.9271240234375,34.250254069173366,45.0243856096841,411.09521484375,19.10682629753192,12.979,0.0,0.0
neg_261,0,120.9504141366409,24.49372655157164,717.997314453125,29.110679508478185,41.71501085065629,384.283203125,17.129370584925056,0.108,1.0,1.0
neg_262,0,120.60716388475154,23.512317061198363,310.701416015625,21.029792787470974,35.88278165002268,343.3992614746094,11.955642378147479,0.808,0.0,0.0
neg_263,0,121.52848444246054,24.090725923501324,612.7317504882812,44.27745943289733,58.72975489812967,820.1531372070312,28.407809480482,0.198,1.0,1.0
neg_264,0,120.7915942424621,24.57734443590239,119.70222473144531,15.478722181513715,25.558077029273424,120.90285873413086,9.074738060022124,10.634,0.0,0.0
neg_265,0,120.62638095643089,23.919512183143706,297.4895324707031,19.520534505516643,31.71423408861202,220.5270538330078,11.515145109656363,3.114,0.0,0.0
neg_266,0,121.54617900342096,24.4579422660355,1944.0172119140625,21.024968013801676,33.49647814026382,310.9678955078125,10.867309086816128,7.531,0.0,0.0
neg_267,0,120.7531606562603,23.436119091665528,1501.7403564453125,29.837036545046246,41.55846739156069,521.70068359375,16.011591640464736,0.334,1.0,1.0
neg_268,0,120.96422598458965,24.301671389929737,1322.522705078125,32.51248132807852,41.96575385824613,628.3260498046875,15.986545084744607,0.31,1.0,0.0
neg_269,0,121.22753937237007,23.64842997967274,2631.90576171875,33.480839232164364,46.65996806623486,611.918212890625,19.325957127412465,9.16,0.0,0.0
neg_270,0,121.17750106201198,24.325658651469073,2292.69091796875,40.90164427347574,54.51625385594382,597.926025390625,26.791253077729657,8.503,0.0,0.0
neg_271,0,121.15614330191033,23.69820580900793,1523.3834228515625,35.6701568231103,47.03164141701209,671.7567138671875,17.699954950177258,17.995,0.0,0.0
neg_272,0,121.42150566377542,24.061310032217193,2396.96728515625,34.40578845130083,45.93314859338375,558.75927734375,19.786867138897573,6.914,0.0,0.0
neg_273,0,120.6894382604369,22.219918748861318,170.08685302734375,16.28624850880142,24.784749814412113,198.2079086303711,9.123682690210384,2.118,0.0,0.0
neg_274,0,121.30062920969122,24.65026270236381,988.456298828125,37.85149557728973,49.10954889599414,735.2373046875,20.604679581278337,1.189,0.0,0.0
neg_275,0,121.21876360890714,23.788229232891926,2656.917236328125,25.900336915970836,40.48719494955442,346.880615234375,15.206865394511858,18.283,0.0,0.0
neg_276,0,121.23913689489716,23.12992307520549,343.1068115234375,12.435796465956308,17.675330394208952,155.89096069335938,6.314572818627974,0.567,0.0,1.0
neg_277,0,120.98358835856652,22.80564137411531,1280.2733154296875,33.67677884125505,43.52079640407314,673.104736328125,18.044291642334215,4.515,0.0,0.0
neg_278,0,120.64159257223874,23.658774938357553,376.9684753417969,27.991310769034552,39.39195186880751,252.54046630859375,15.403793794010847,2.473,0.0,0.0
neg_279,0,120.73802311523764,22.707078501880893,1250.6302490234375,33.18784553737038,42.36294250122299,617.9512329101562,17.342868206662484,2.439,0.0,0.0
neg_280,0,121.61125613090488,24.20263807934216,1035.058837890625,49.40234340967029,65.41404119166923,1117.55224609375,36.23596269446789,5.857,0.0,0.0
neg_281,0,121.5068775411663,24.22244002511621,1460.3446044921875,37.068736737179805,49.28516031196973,472.7353515625,22.477786701330576,3.119,0.0,0.0
neg_282,0,120.55311524112962,23.44607292099209,175.2021484375,6.257656648955359,15.143237689507695,81.59396362304688,3.918893305219101,2.062,0.0,0.0
neg_283,0,121.33715350889737,24.459753345567606,2235.01611328125,41.86570005180371,52.07161335454181,967.2618408203125,22.18274652735429,2.583,0.0,0.0
neg_284,0,120.75991624298129,23.244997745580488,1962.0980224609375,31.241830653850286,41.19889197046803,430.552978515625,15.396231362173184,1.636,0.0,0.0
neg_285,0,121.4879062920965,24.745714033532824,759.6195068359375,34.04643752286971,45.38184791583698,448.937255859375,20.11843020853737,1.585,0.0,0.0
neg_286,0,121.27695854064503,24.92533532569127,149.7630615234375,0.859359563714322,1.5738850292402455,9.988357543945312,0.44705206582821005,6.324,0.0,0.0
neg_287,0,121.52891316543901,24.285871827052805,1976.3209228515625,35.11815696445448,44.57308470295892,558.1226806640625,19.978616669551933,9.943,0.0,0.0
neg_288,0,121.30314778430461,23.631876952265095,1784.921630859375,28.236550214032,39.53265535829843,494.986572265625,13.587892263785895,1.313,0.0,0.0
neg_289,0,121.74407862510726,24.46196511731584,742.9339599609375,35.43602961573275,45.825568685268564,619.418701171875,20.25202805697561,1.32,0.0,0.0
neg_290,0,121.18081931255999,23.730492194889607,2099.682373046875,31.664682490978265,46.15286346176415,548.131103515625,18.986434551547188,17.888,0.0,0.0
neg_291,0,121.01824731350206,23.52069895119813,2490.455810546875,36.2730368569832,46.07143908668145,699.124267578125,18.156541971486675,8.962,0.0,0.0
neg_292,0,121.46951587051441,24.48739997456284,1657.96484375,23.92213998770485,37.97119563181013,454.08447265625,13.08286094883081,1.023,0.0,0.0
neg_293,0,121.04376762402751,24.07983737919325,851.8131103515625,41.70649936861024,53.180616424228035,632.2179565429688,25.102495244596117,1.827,0.0,0.0
neg_294,0,120.7670965040909,22.417799124708427,1137.2880859375,32.25728059617544,44.96766942557405,354.674072265625,20.148144569480944,9.856,0.0,0.0
neg_295,0,121.28458862477588,23.573172654902788,1198.9508056640625,33.14373046380199,46.33324861207568,600.1873779296875,19.3186802446795,4.762,0.0,0.0
neg_296,0,120.70853372552519,22.79189254242972,641.7284545898438,27.64537849619613,40.91402357337719,322.4163818359375,16.068599488683212,5.806,0.0,0.0
neg_297,0,121.47268281613758,24.44034441479877,2290.508544921875,34.09855259092618,44.865685229045425,542.4888916015625,18.29228427496236,3.461,0.0,0.0
neg_298,0,121.17869274646687,24.5314923123534,1409.3470458984375,33.42737950276291,45.344776047691106,520.8134765625,20.5122750648826,7.438,0.0,0.0
neg_299,0,120.74353602568208,22.232885263965564,196.2083282470703,27.645644190473373,39.14170484999201,295.7090072631836,15.103871127133552,3.005,0.0,0.0
neg_300,0,121.43999734898632,24.79942271471557,1166.42724609375,25.09375095697554,37.20086572786141,383.03900146484375,13.101452036407192,4.055,0.0,0.0
neg_301,0,121.10016139124058,23.64834961082122,3128.26318359375,36.614270545530566,47.3257958513338,653.775146484375,19.525787344347773,16.706,0.0,0.0
neg_302,0,121.17527652643577,22.865207135601654,313.976806640625,27.43175321510002,38.78973893788138,509.24156188964844,14.230275476703161,1.658,0.0,0.0
neg_303,0,120.9242747351313,22.488722973612994,598.4437866210938,23.832968757601453,35.69856286642994,414.0618591308594,12.287784292517477,0.169,1.0,0.0
neg_304,0,121.42736078138,23.563614989160367,360.03350830078125,30.362137751877203,42.41090482547801,260.3766784667969,18.6588459646671,1.142,0.0,0.0
neg_305,0,121.36949271150536,24.341998862316277,2080.3525390625,26.398885704868814,38.954045697648056,497.122314453125,13.680388321963672,5.71,0.0,0.0
neg_306,0,121.50586515243943,23.596457392534813,146.6442413330078,24.151174007277405,34.07391665472341,165.163818359375,13.95838344386829,3.278,0.0,0.0
neg_307,0,120.78455614236213,22.561211781956512,1726.77099609375,39.75326710289229,48.40341513979753,627.6094970703125,22.373379641791608,11.057,0.0,0.0
neg_308,0,121.4081735175562,24.326482137041474,2564.503173828125,36.25449803771273,47.37114838401114,584.488037109375,20.467981192561265,8.717,0.0,0.0
neg_309,0,121.36287736069866,24.4701035629255,1451.6273193359375,41.746868822313445,51.823616137445725,600.1534423828125,25.85640534524097,2.541,0.0,0.0
neg_310,0,121.5337565960184,24.3633740450822,1607.00341796875,33.42256153184099,44.82664778057224,621.062255859375,18.759068973691285,13.458,0.0,0.0
neg_311,0,120.86899939988606,24.094839794155256,533.7949829101562,22.079723227708108,32.2209131518622,363.50933837890625,11.356150014050773,0.645,0.0,0.0
neg_312,0,121.33346389211833,24.330121315226695,1773.87353515625,33.55703027502436,44.01690505748882,566.360107421875,18.39311217381702,3.771,0.0,0.0
neg_313,0,120.84944770939336,22.37073555656813,150.67843627929688,23.827876283647853,42.802339462843285,303.3602828979492,15.834621491449548,0.912,0.0,1.0
neg_314,0,121.56055963647644,23.738868099416546,208.95870971679688,21.430367544743806,40.89319376003795,287.4611369743943,12.814094347468277,1.674,0.0,0.0
neg_315,0,121.42936447658003,24.59081662675099,1675.4927978515625,29.14818605709149,43.605059514244076,485.30615234375,15.71599389980663,0.604,0.0,0.0
neg_316,0,121.90092489907968,24.994131699168335,379.62615966796875,21.90558531270394,33.82031518150925,223.7516632080078,12.272423862805512,2.065,0.0,0.0
neg_317,0,120.79709354576349,22.770086923238793,1117.1220703125,38.70972124657077,48.47406711368887,605.7451171875,21.878096285540966,6.469,0.0,0.0
neg_318,0,120.77086283352475,24.38367081027731,403.3434143066406,17.62587378823476,26.68837564822723,192.73660278320312,9.55403549584712,3.542,0.0,0.0
neg_319,0,121.76370541339553,24.974746413069198,524.0980224609375,23.759187969597424,37.06882815876184,287.91717529296875,13.44035741247913,4.893,0.0,0.0
neg_320,0,121.40050314514887,24.48020790978234,1137.5657958984375,36.92964894448435,47.528862815520704,569.7362060546875,21.676361691837858,0.094,1.0,0.0
neg_321,0,120.90826248221235,24.577112469338253,152.31126403808594,23.836912370328907,34.06119440691102,272.28455352783203,13.547281320854047,5.383,0.0,0.0
neg_322,0,120.60630015062466,24.156543696662414,106.70321655273438,3.2805058804858156,7.138151940911039,57.74615478515625,1.7769980997643942,12.111,0.0,0.0
neg_323,0,120.79945813864755,23.50453840263039,2275.168701171875,21.36580172387983,34.11153413823149,338.24609375,10.512460093684323,2.747,0.0,0.0
neg_324,0,120.94693315329376,22.8608778216554,619.4429321289062,42.40455039447545,54.32577225124639,405.1347961425781,29.614244921632356,8.012,0.0,0.0
neg_325,0,121.42673342531134,24.80005998968792,1094.2164306640625,26.656952505548016,41.42970342877646,489.64935302734375,14.168027117033375,3.923,0.0,0.0
neg_326,0,121.77955482105874,25.001400530433628,219.36663818359375,24.2089642967773,37.08515102170204,281.8236083984375,12.464264605411348,2.179,0.0,0.0
neg_327,0,120.8415702087541,22.804916779412714,1585.9453125,34.843516591582826,47.28353118405307,678.4549560546875,19.509125567097417,12.395,0.0,0.0
neg_328,0,121.7847717685743,25.07200691295469,654.936767578125,26.296100217515374,40.075894545569774,385.3266296386719,14.765191207220653,1.463,0.0,0.0
neg_329,0,120.78185515093364,23.445285444734484,1417.862060546875,29.462091461485315,40.56337485003054,653.864501953125,14.496518529486321,2.098,0.0,0.0
neg_330,0,120.96756054928336,24.31470953685831,988.4544067382812,25.268447967789445,38.82950245348619,345.54437255859375,15.264126807138336,1.627,0.0,0.0
neg_331,0,121.63477800970423,24.68004932555573,107.94200897216797,1.732023145636058,3.79327327205678,21.50305938720703,0.9853984784794922,2.239,0.0,0.0
neg_332,0,121.16527583491163,24.20697295475607,2271.985595703125,40.21059533242994,50.618818323685,661.230224609375,24.286997699916892,1.652,0.0,0.0
neg_333,0,121.88525691329855,24.940329825096093,271.5188903808594,28.821733200728257,43.52767230271912,417.4723128154874,15.289055356823297,0.038,1.0,1.0
neg_334,0,121.24434583441992,23.27046188002432,500.36962890625,29.650495949240536,39.37169938559325,485.2280578613281,15.536171578621024,1.601,0.0,0.0
neg_335,0,121.24193520263714,23.345724087618613,1106.4345703125,32.90856231813032,47.1498147526854,589.9082641601562,16.720897327051436,3.043,0.0,0.0
neg_336,0,120.80687600583559,22.881373044100588,1465.099365234375,38.235823222048694,52.69491956766986,504.06640625,24.947010749335732,9.013,0.0,0.0
neg_337,0,121.30003455523489,24.70064007436583,1591.30419921875,36.36348547152037,45.324876163651275,628.1282958984375,19.047346352348885,0.968,0.0,1.0
neg_338,0,121.2596046997845,24.19061265286338,2949.435791015625,33.221238419088635,42.95639787844891,523.065185546875,16.23405549764372,4.436,0.0,0.0
neg_339,0,120.91046943916582,24.213493244685978,910.2792358398438,28.008902075366112,40.01010393420429,383.94122314453125,15.815051026314228,0.258,1.0,0.0
neg_340,0,121.82788171813908,24.926734950768502,504.8670349121094,20.910186176490672,33.77514837490588,182.20950317382812,12.120181350380287,1.081,0.0,0.0
neg_341,0,121.28917916780603,23.38168232604258,245.65579223632812,26.545057168786542,37.50990434694022,341.5835266113281,15.031658803901156,1.182,0.0,0.0
neg_342,0,121.36867455793127,24.295194061729827,2163.708251953125,36.834650033706,49.3567986619247,630.6351318359375,20.618487207474114,9.02,0.0,0.0
neg_343,0,121.1067998879729,22.797258089463202,111.37445068359375,13.020325027933872,24.40220165046254,202.67834091186523,7.108979238844815,1.097,0.0,0.0
neg_344,0,120.86260831999715,22.65796471705657,995.4684448242188,28.679622429507763,47.14928953785552,468.01202392578125,17.169929605115055,9.816,0.0,0.0
neg_345,0,121.29318314898562,22.985015691497107,173.02432250976562,37.67733403386563,50.07265186756186,438.933895111084,24.95350033478601,0.518,0.0,1.0
neg_346,0,121.56743030113286,24.433836581860408,1740.868896484375,35.03170509921726,45.50221465036625,439.556396484375,21.213946420203516,10.41,0.0,0.0
neg_347,0,120.5889584270368,23.669639743962406,112.24027252197266,3.219325512937211,7.400587186362784,107.07816314697266,2.434560700377211,6.967,0.0,0.0
neg_348,0,120.94161281357061,23.844169957670758,1073.4093017578125,33.41629571716041,42.66717510687919,464.7911376953125,19.519607236950478,0.228,1.0,1.0
neg_349,0,121.7640701394244,24.570221436639184,477.64019775390625,34.590326576954794,47.12027119586093,414.2038269042969,20.343052215284093,3.987,0.0,0.0
neg_350,0,120.55785601405735,24.168419754652728,161.8323974609375,15.157423238212383,26.408131645695274,137.4480743408203,9.34842296862117,11.329,0.0,0.0
neg_351,0,120.77720912865693,23.35872699016281,1687.825439453125,32.848581785084434,43.774610028748214,589.275146484375,17.224038968339322,6.081,0.0,0.0
neg_352,0,120.82452821299245,22.562526266679857,1117.9498291015625,32.484071010463985,44.745245433650645,485.36834716796875,16.634322414376516,10.801,0.0,0.0
neg_353,0,121.28466366252653,24.696756498710332,1273.83935546875,31.006683673234416,41.927698800834236,622.4999389648438,15.545800196374048,0.242,1.0,1.0
neg_354,0,121.56277445002985,25.190300245310002,484.670654296875,24.417164757689143,39.60178204931565,327.764404296875,14.021895564105542,1.463,0.0,0.0
neg_355,0,120.84306887019017,23.653549262151287,1263.7723388671875,30.03188806456009,41.87945647397223,503.6829833984375,15.127395326734506,0.279,1.0,0.0
neg_356,0,121.06282008112252,23.51103283439789,3231.66796875,42.56133675547327,53.93555679486842,854.6923828125,24.155773712982704,13.22,0.0,0.0
neg_357,0,121.24161196676735,24.595638893083954,1530.330078125,38.95742095733226,50.245847134071305,483.28857421875,22.57308444373969,4.22,0.0,0.0
neg_358,0,120.98367939052501,24.017456707913333,677.9593505859375,27.316751006969998,42.898166460361,496.49871826171875,16.548374781840245,0.56,0.0,1.0
neg_359,0,120.65908131464315,23.41559338939547,1013.902099609375,25.20072544051172,36.93557715246214,411.18896484375,13.593462975859595,1.611,0.0,0.0
neg_360,0,120.91670185540544,23.791788703533726,348.4474182128906,6.960569852331463,24.32986955126893,125.4410400390625,7.584504186943987,1.106,0.0,0.0
neg_361,0,120.97656381433067,24.338883459968926,1510.0218505859375,31.465654537263298,40.17295482893119,600.4732666015625,14.813420853103084,0.318,1.0,0.0
neg_362,0,120.68162790730312,23.176975988913394,1385.635009765625,27.286838625847054,38.30103660401286,370.947998046875,15.151447574333977,2.277,0.0,0.0
neg_363,0,121.22266626419103,24.814889003296777,265.50933837890625,14.056524685170803,29.74450756289957,215.65431213378906,9.223572607564758,1.759,0.0,0.0
neg_364,0,120.83175172150501,22.819388106794445,1245.5531005859375,31.070458683156236,46.3454881832668,491.4552001953125,18.30086629174756,12.965,0.0,0.0
neg_365,0,121.19616889975447,24.930484974856533,164.81124877929688,1.808804189113198,3.6519821019209524,24.939682006835938,1.0842806746895348,10.782,0.0,0.0
neg_366,0,120.63484322543933,24.332389215313142,104.30865478515625,5.318788632900621,13.845558593572498,66.19540405273438,3.964341405873799,1.353,0.0,0.0
neg_367,0,121.3454572549601,24.221121891621337,3060.552734375,35.70231987771837,47.305769508214446,587.947509765625,19.311319111418115,9.884,0.0,0.0
neg_368,0,121.45639568095032,24.384480269976738,3045.53564453125,39.8140890229726,57.60018216879618,743.251708984375,27.5951320830089,9.566,0.0,0.0
neg_369,0,121.35899456834561,23.806447930775885,1370.1458740234375,30.570489302444336,40.53083885625295,560.9390869140625,16.528059984642002,5.635,0.0,0.0
neg_370,0,120.53361785358608,23.387898816762917,214.02963256835938,18.380855179838118,30.07958822393553,157.0727081298828,10.953146075178251,1.329,0.0,0.0
neg_371,0,120.91263660934735,22.84367781174285,1351.73095703125,42.31194664951049,54.23882342848463,775.2074584960938,28.424191165435985,10.918,0.0,0.0
neg_372,0,121.36199206171523,25.004659722642334,206.94773864746094,10.318791970241778,23.348934589166184,86.37342834472656,6.810252013889407,1.73,0.0,0.0
neg_373,0,121.12833893475285,24.349504269480747,3102.1611328125,34.210025126148196,45.433733343697746,543.356201171875,19.362826056016058,11.725,0.0,0.0
neg_374,0,120.97215773648207,23.989329128740003,455.75262451171875,1.739038027518972,3.8362381787831756,21.14263916015625,1.1180613631300318,2.652,0.0,0.0
neg_375,0,120.69240412628103,22.856526926724257,982.4835815429688,31.020936861542207,41.0880747326588,454.884765625,17.09241880634827,3.793,0.0,0.0
neg_376,0,121.34220167486792,24.07119102059081,2253.439697265625,42.24852057848931,55.83545238860456,990.396728515625,22.513496969040716,6.156,0.0,0.0
neg_377,0,120.65213726067377,23.052367560509815,803.0728149414062,27.947009969467263,37.25642386307314,424.10888671875,14.253988367211363,2.169,0.0,0.0
neg_378,0,121.10353104968968,24.79824180184244,163.49440002441406,19.207155093688876,30.355159371770196,164.50997924804688,10.675261968810517,4.175,0.0,0.0
neg_379,0,121.31374594836686,23.839289724083066,2056.462158203125,39.17324015788478,51.16705195944945,704.707275390625,23.10642832937043,9.594,0.0,0.0
neg_380,0,121.0038028280517,24.24816877701373,1915.2984619140625,30.93001858365383,43.9118558666724,705.9080810546875,14.073624320492216,2.791,0.0,0.0
neg_381,0,121.00763237640174,24.404617387397295,1721.2742919921875,30.627423084995385,40.59021452347737,508.3826904296875,16.02341534678221,2.393,0.0,0.0
neg_382,0,121.5517106701582,24.19722728252129,1410.984375,45.40332522937138,61.261759182963665,959.3667602539062,29.86680187698909,7.308,0.0,0.0
neg_383,0,121.2501571847916,24.712369354112873,1110.7401123046875,22.897991687716893,35.75744244697169,341.44561767578125,12.070791580082158,0.965,0.0,1.0
neg_384,0,121.27613079899021,23.312651693861696,763.0974731445312,26.326709926640962,35.73420870203998,440.22119140625,13.743492293539903,0.573,0.0,0.0
neg_385,0,121.05561723350569,23.26784078502,2759.3408203125,33.063488235761746,45.08091144233493,472.334228515625,18.385841185937906,11.082,0.0,0.0
neg_386,0,120.83400593108993,22.82652320693154,1373.2030029296875,32.66952499552567,45.25894150816753,575.71630859375,18.00114984153835,13.742,0.0,0.0
neg_387,0,120.9141925940087,24.359626282956892,885.7827758789062,36.69107430804791,50.835799949600606,528.1282348632812,21.44946245505115,0.037,1.0,0.0
neg_388,0,120.7887758645812,24.179371548765186,476.64312744140625,23.142413483586225,37.05953873913515,310.289306640625,13.123363727879363,0.655,0.0,0.0
neg_389,0,120.91462338124416,24.07782062097973,583.0575561523438,35.16486110542673,50.02296407620529,400.2326354980469,22.509317627766862,0.03,1.0,1.0
neg_390,0,120.90481846245432,23.209048879415818,2730.18115234375,34.75980113791251,45.68533864302063,683.939208984375,17.825659716051106,0.025,1.0,1.0
neg_391,0,121.57536449572977,24.348427682822322,1539.49951171875,39.99298274097374,51.10419651491768,782.3939819335938,22.097310849510592,14.499,0.0,0.0
neg_392,0,121.15174379130691,24.044034153734927,1615.9571533203125,25.2967022313669,37.61944619916818,542.0565185546875,11.734900860339481,1.29,0.0,0.0
neg_393,0,121.19280130985575,24.235217031859627,1921.5343017578125,31.348782419807403,50.10427611114766,480.146728515625,18.99370944648369,2.819,0.0,0.0
neg_394,0,120.41744869487661,23.280760538488188,153.64413452148438,15.72872866584486,32.15144814618526,183.3583526611328,10.606291059324494,6.632,0.0,0.0
neg_395,0,120.65356452038728,23.213504499934974,966.6889038085938,26.916698729533785,40.55518325470217,331.120849609375,14.743938081330262,2.769,0.0,0.0
neg_396,0,121.01389958143017,22.82839867801579,1422.6783447265625,30.939745428718297,39.332159066067796,434.7554931640625,15.157393369521253,0.544,0.0,0.0
neg_397,0,121.14635944461251,24.08643021007156,1538.4925537109375,35.01409448298643,47.169160635739644,580.25146484375,19.300138736824582,5.323,0.0,0.0
neg_398,0,121.39547376734777,23.297443362809528,337.1322937011719,26.283953862987055,41.25914386918204,340.00836181640625,15.985023970245157,3.181,0.0,0.0
neg_399,0,121.20759761399479,23.90736225288723,1732.6829833984375,34.75679228296031,46.71632027049359,530.52880859375,19.878525173074244,11.385,0.0,0.0
neg_400,0,121.23253360527575,23.504162559786757,1069.9259033203125,42.95251831113768,56.66479636741674,742.2677001953125,27.07140149679719,9.525,0.0,0.0
neg_401,0,121.33620060562859,23.818582523805865,2276.850341796875,40.89544612158199,55.548637696900386,832.6060791015625,23.783101532631836,7.909,0.0,0.0
neg_402,0,121.06664525881033,22.92489050716968,752.56884765625,28.667668889579858,36.95224516170399,497.74407958984375,13.864394675326107,0.57,0.0,0.0
neg_403,0,120.82318119357079,23.75126444617027,935.5493774414062,27.667268406512907,37.838669632146264,413.63848876953125,15.883237446042884,1.269,0.0,0.0
neg_404,0,121.51415090802985,23.73850758557451,216.2493896484375,18.346308553303913,29.83140428988534,231.1689453125,10.347814516851598,0.415,1.0,1.0
neg_405,0,121.46549455793111,23.617321859576045,327.6099853515625,28.43676904506757,39.84807214605424,348.6342010498047,16.45615406352585,3.441,0.0,0.0
neg_406,0,121.77325877575288,24.98037305308867,599.0880737304688,22.813869319906168,34.87994093242473,263.2271728515625,11.931090198106428,3.871,0.0,0.0
neg_407,0,120.66976414951961,23.9153870084086,148.96978759765625,4.338038656522977,6.437073191203917,93.79493713378906,1.6682089167123593,5.373,0.0,0.0
neg_408,0,120.75684164234328,22.284203592773466,379.25244140625,29.921144379619946,41.1229598321486,363.45372009277344,16.265162599198106,3.352,0.0,0.0
neg_409,0,121.1691877664315,24.398093252008017,2108.69921875,42.574683972604355,51.970981402066776,676.6309814453125,24.335745644216576,7.304,0.0,0.0
neg_410,0,121.44480483186842,23.58908213528616,390.2490234375,28.98658407135465,39.00803029308856,382.87335205078125,17.226380649727773,1.768,0.0,0.0
neg_411,0,121.0922375281643,24.068471532199926,979.3394165039062,33.603348451317714,46.650318621433826,398.4598388671875,19.73950997787688,3.139,0.0,0.0
neg_412,0,121.22048419612257,23.911104228647883,1572.51611328125,29.64066650574684,45.207268685158205,462.993408203125,17.64646639800249,11.879,0.0,0.0
neg_413,0,120.49428701207638,23.23948453085601,597.507568359375,32.149415074083436,44.80897414843321,534.10595703125,18.107235951031672,0.524,0.0,0.0
neg_414,0,121.30748042338935,24.40113011804469,1901.5540771484375,29.47164768696655,43.52409187304379,335.656982421875,18.41193704581214,3.346,0.0,0.0
neg_415,0,120.79939154473306,23.67551375148701,1144.443359375,19.261163084303877,37.28917412780106,391.867919921875,10.827616550334705,0.042,1.0,1.0
neg_416,0,120.90867425725637,23.52333648399954,1984.793701171875,35.956994242235936,46.75302519393233,575.6925048828125,20.194480166132973,1.484,0.0,0.0
neg_417,0,120.86917101392253,24.32107587513214,478.1114807128906,18.809136209885903,27.965554094887565,208.92486572265625,10.396230951885281,1.502,0.0,0.0
neg_418,0,120.89080127290538,22.204632814784432,188.21640014648438,20.901411364409963,34.76236595181643,213.92868965864182,11.540674380567616,4.55,0.0,0.0
neg_419,0,120.91712230145095,23.605464763139537,1249.1124267578125,41.477038198905454,51.84834786464511,747.75537109375,24.68787303444022,0.91,0.0,1.0
neg_420,0,120.78982107870617,24.543968405608407,160.11524963378906,19.027626271357427,36.27679766380621,153.0458755493164,12.263313615467432,7.777,0.0,0.0
neg_421,0,121.07940607762654,24.22143358697941,1398.9627685546875,46.05512699047418,55.549231188608246,915.4012451171875,25.697175057869156,0.006,1.0,0.0
neg_422,0,121.11940041205541,24.81910031677163,127.03562927246094,13.643681510018054,29.466054052429733,156.54393005371094,9.229640553686087,3.6,0.0,0.0
neg_423,0,120.82032074193454,22.685922635005902,1875.5325927734375,34.12623731593015,43.98221457431608,564.6087646484375,16.857407720151844,7.807,0.0,0.0
neg_424,0,121.13348515841467,23.08699081455217,1360.0423583984375,30.119264790872368,41.21235013234404,599.31787109375,14.639358183772144,0.642,0.0,0.0
neg_425,0,120.98251880329774,24.073997251790335,482.8194274902344,13.30074559487047,34.96564654810729,322.9674072265625,9.751579916691563,0.454,1.0,0.0
neg_426,0,121.00597512095275,23.410068676257108,2471.0234375,36.6969451719252,47.359217071003044,575.14013671875,20.940559412557544,14.674,0.0,0.0
neg_427,0,120.7227172509017,24.406387345153384,174.348876953125,11.566888708738652,21.834892689270692,97.22958374023438,7.028614913530079,2.186,0.0,0.0
neg_428,0,121.5400664508516,24.75713528443062,594.9308471679688,34.173682844863436,43.9555046765156,414.2882385253906,18.491098265241245,4.675,0.0,0.0
neg_429,0,120.78579860936577,24.286057811504513,279.949462890625,8.579229158207363,22.407601113833582,98.6868896484375,6.494455860428587,0.845,0.0,0.0
neg_430,0,121.44704398781096,23.39731459160957,442.5995788574219,31.36706703417547,44.73580130522521,550.2857971191406,17.22349317906237,3.217,0.0,0.0
neg_431,0,121.11078102472032,22.958509013240377,425.264404296875,27.46719049963372,38.03805551830732,428.6604309082031,14.182186779729106,1.771,0.0,0.0
neg_432,0,120.71526778209648,24.008666550997233,113.76275634765625,2.5501461894868265,6.349423146846913,22.740341186523438,1.8546912172095882,1.594,0.0,0.0
neg_433,0,121.16868525216786,24.419296556377933,1926.559814453125,38.894816059080526,48.01694917625525,777.062744140625,22.29542528438103,8.248,0.0,0.0
neg_434,0,121.31725716908262,23.412656294138962,123.3995361328125,18.504457264394592,38.07597224188454,307.31056213378906,11.968673012568697,2.165,0.0,0.0
neg_435,0,121.24894100889622,24.042338730739885,2251.2265625,36.83734665689399,49.4047968828823,850.54052734375,18.479583383109905,0.526,0.0,1.0
neg_436,0,120.86926272571067,24.21838150034366,580.66748046875,22.1108837398098,31.399293576720467,334.1875,10.38670826018915,1.518,0.0,0.0
neg_437,0,120.79139812234584,24.469283619092604,224.4224395751953,10.33541451637607,22.83772456728423,192.12896728515625,6.000575846223021,0.979,0.0,0.0
neg_438,0,120.67650310786483,23.16263160044672,1049.9071044921875,33.524659247637025,43.13426026576695,540.1532592773438,17.203175671559606,2.253,0.0,0.0
neg_439,0,120.5642320068877,23.04058623364507,248.96929931640625,19.10859042118156,30.752196485019745,174.2263641357422,11.616280218894218,2.214,0.0,0.0
neg_440,0,121.03097122710864,24.067174594400075,1622.1121826171875,33.35365885693106,46.34660724097994,467.2578125,19.05259739356427,0.716,0.0,0.0
neg_441,0,120.76535356921212,22.379197159952092,755.18017578125,31.0923497836857,41.62040113503293,577.9976806640625,16.221346564744742,7.646,0.0,0.0
neg_442,0,120.77523107334075,23.291375510804055,2251.047607421875,36.58305305624034,44.47758377524698,529.9954833984375,19.454151940326845,3.927,0.0,0.0
neg_443,0,121.16052658617366,23.34934801312642,2097.719482421875,34.81014550918155,49.81356682898787,409.8427734375,22.464555936625313,10.224,0.0,0.0
neg_444,0,121.26843252601886,24.957966348737177,121.9283676147461,1.5956535886330534,3.472499561257967,23.585433959960938,1.130398383896449,8.11,0.0,0.0
neg_445,0,121.1371547671423,23.838017758532587,2938.934814453125,36.3417987916925,51.112441878077206,561.546875,21.214035018179757,8.795,0.0,0.0
neg_446,0,120.73693519911201,22.514150329959083,1246.90576171875,37.970047796212285,51.7356982993972,746.217041015625,21.26124620561866,5.919,0.0,0.0
neg_447,0,121.32444001319452,24.526857056193254,1971.4141845703125,34.6373761569889,42.95937337242556,768.180908203125,15.678046575510404,3.525,0.0,0.0
neg_448,0,121.37956530389528,24.166694318142653,1801.6368408203125,43.6315697458969,60.18531096463594,820.8974609375,29.369428039258008,8.53,0.0,0.0
neg_449,0,121.31252236045444,23.37017215994897,386.5825500488281,26.612209932562582,35.513024373720064,393.5097961425781,14.24249692780536,0.925,0.0,0.0
neg_450,0,120.90297788866481,23.02465989488267,2402.2294921875,33.06093729895676,41.88126697724912,461.88623046875,17.318960518324673,14.82,0.0,0.0
neg_451,0,120.61773439555509,23.358209971333334,424.260009765625,25.884878456818093,43.28988893800451,261.02093505859375,17.133666503630003,2.802,0.0,0.0
neg_452,0,120.98197102819296,23.515738467494597,1995.04638671875,38.555327021656446,48.009396523792674,567.42431640625,20.814374442644276,7.249,0.0,0.0
neg_453,0,121.86107617488885,25.067785517395436,191.73422241210938,19.877836330875397,28.622719090852353,164.97968292236328,11.465541595065583,0.409,1.0,0.0
neg_454,0,120.7097179840103,22.892257083132048,1006.2070922851562,35.39369955219114,49.07640284608641,766.9676513671875,18.979933829550895,0.963,0.0,0.0
neg_455,0,120.82098207040708,24.376951058375955,652.6668090820312,24.30435661329738,35.64499172381083,344.7690124511719,13.002202651985328,1.81,0.0,0.0
neg_456,0,121.21075103745967,22.958221977359937,470.6420593261719,34.45012915352829,44.89572284438374,372.9552307128906,20.888576824859452,3.159,0.0,0.0
neg_457,0,120.65736418694406,23.447385335287212,904.0374145507812,28.30050301940855,41.600057632311405,489.17718505859375,16.16982049187168,0.002,1.0,0.0
neg_458,0,120.80732145817674,22.534126674252807,906.6785888671875,40.22038516490179,54.24371563641364,727.7734375,24.016778526351647,10.574,0.0,0.0
neg_459,0,120.86286011388192,22.23259514656593,436.8368225097656,22.712489777552086,33.680747067922994,259.30845642089844,12.61443685760917,2.021,0.0,0.0
neg_460,0,120.99475210697796,24.414317803287855,1465.0721435546875,34.38326537308726,44.78665229122014,590.7210693359375,18.581382654529264,1.41,0.0,0.0
neg_461,0,120.63629202277095,22.47781190041859,201.34622192382812,29.250623809740343,38.22722666951557,369.0699157714844,15.705572690355874,1.833,0.0,0.0
neg_462,0,120.74112727277188,22.4732469310648,1120.9864501953125,38.577389550506936,51.75618455767694,879.8108520507812,21.441466430842933,8.256,0.0,0.0
neg_463,0,121.2834713463861,23.159477810613335,509.333984375,32.35548457521221,48.09531422381411,407.5924377441406,19.922363310722034,1.368,0.0,0.0
neg_464,0,121.54929742640378,25.18090506866657,759.3945922851562,24.073405379971483,35.92780816666921,428.12158203125,11.92491025592083,0.646,0.0,0.0
neg_465,0,121.39186807436076,25.035424834804797,159.58709716796875,13.06680653543652,29.088633062383092,140.6940155029297,8.364179439848447,0.396,1.0,0.0
neg_466,0,121.05936425845915,24.07206130026447,1805.8687744140625,38.616013497325824,48.69958896642403,723.3275146484375,21.01543257616838,3.24,0.0,0.0
neg_467,0,121.63877794401816,24.635918007176187,605.6370849609375,19.200372384554356,33.51732674001939,228.7353515625,12.27502358673293,1.043,0.0,0.0
neg_468,0,120.77342346485382,24.429457635232396,252.82073974609375,12.540627154705037,28.160116228728295,150.7673797607422,8.000540935420583,0.951,0.0,0.0
neg_469,0,121.0601970531355,23.669968097807573,2244.829345703125,35.5466851693514,45.438439892309,794.6109619140625,17.004022723651552,12.42,0.0,0.0
neg_470,0,121.0735397649532,23.63977737683853,2455.17333984375,42.682687949002855,52.94480953663025,782.48486328125,26.35057993659207,14.068,0.0,0.0
neg_471,0,121.10546827120187,24.339204646500026,2802.0859375,35.4051588101839,47.5571242843432,650.762939453125,19.036876674950907,11.688,0.0,0.0
neg_472,0,121.32261341846147,23.74871182159978,964.2012939453125,36.97258499076141,50.22662047325952,608.1765747070312,22.240540888082574,7.486,0.0,0.0
neg_473,0,121.53319078282915,24.684564564858878,1243.14599609375,26.548319724343813,37.19166554881627,400.51715087890625,13.940450524487526,1.001,0.0,0.0
neg_474,0,121.43180805539954,24.27498511110855,1703.177490234375,36.121425122787265,50.05670478763004,470.594482421875,23.607881154245014,6.189,0.0,0.0
neg_475,0,121.42153264097983,24.051410751673146,2301.851806640625,33.22250883111305,46.86249015748081,489.06201171875,18.583359264782317,7.274,0.0,0.0
neg_476,0,120.81137105893009,22.805148588255896,1572.9154052734375,34.15321034634448,46.49476573648917,669.6090087890625,17.430211844545973,10.483,0.0,0.0
neg_477,0,120.80702381834824,24.328759208501264,293.45257568359375,7.274525983053932,18.081580605503767,138.63153076171875,4.462453607410931,2.988,0.0,0.0
neg_478,0,121.22462674767868,24.771523747667132,222.35125732421875,20.88486471400242,33.946401746907334,216.4422607421875,12.861074334271272,0.121,1.0,0.0
neg_479,0,120.60080609806319,22.942253581992716,170.5782928466797,21.04186089401235,32.95050055851343,239.50164794921875,12.008421257790348,1.182,0.0,0.0
neg_480,0,121.09709796573485,23.762047320507484,2003.2667236328125,37.99521466719254,46.59459716612245,741.2491455078125,18.226479288419938,14.772,0.0,0.0
neg_481,0,120.70402549754986,24.03432033939902,221.875,20.048267766333677,29.949020580941532,147.4796142578125,11.559544333007647,0.49,1.0,0.0
neg_482,0,120.84257724064975,24.467228288272402,196.80381774902344,20.891799005886234,36.83084654330284,295.2230987548828,12.29605906678975,0.223,1.0,0.0
neg_483,0,120.67494416952465,22.62958522303509,773.242431640625,29.865518010553057,42.61539279461911,605.9651794433594,15.804332364523345,3.806,0.0,0.0
neg_484,0,120.82345664392912,23.740599327143563,1145.087158203125,26.429466118776705,37.76445154393881,264.280029296875,16.190191876453696,2.145,0.0,0.0
neg_485,0,120.66350159616245,22.76165398365263,139.11338806152344,20.017151032312107,32.42638138641369,241.3521728515625,10.949198458829285,1.797,0.0,0.0
neg_486,0,120.68071900633882,23.594240540648663,998.8721313476562,32.318779381487204,47.245998643339554,573.67138671875,18.863756805687743,0.186,1.0,0.0
neg_487,0,120.86278909104658,22.790281651917685,1207.4766845703125,41.02494574534747,52.4284457756763,493.684814453125,25.57541845791988,13.045,0.0,0.0
neg_488,0,121.41085999615514,24.303913060899802,2966.660888671875,40.102869553058866,50.54562094307661,903.601806640625,18.770575657841366,9.84,0.0,0.0
neg_489,0,120.80116114169147,22.575016877432613,957.874755859375,37.89276701117496,47.83641797376656,717.2166748046875,20.024218087862696,12.875,0.0,0.0
neg_490,0,120.80111963711853,22.946602172069348,1590.14501953125,35.89853291656552,47.99339635455204,606.1463623046875,23.442814660617003,9.308,0.0,0.0
neg_491,0,121.57178509514857,24.804664172145447,1121.0401611328125,30.958424409998067,41.730121132017565,498.47344970703125,16.128492926646118,6.127,0.0,0.0
neg_492,0,121.2778884429168,23.027024935635474,105.31397247314453,14.17022339838354,30.42524026996571,126.96591186523438,10.137688324352492,2.15,0.0,0.0
neg_493,0,120.79236449869097,22.834948621901763,2005.7100830078125,33.81716997793607,46.604012446602226,558.93310546875,19.025628243868525,10.458,0.0,0.0
neg_494,0,121.64653436595611,24.82739202761296,791.4280395507812,30.274203672190467,40.021332690895555,404.24530029296875,16.868931082589075,2.604,0.0,0.0
neg_495,0,121.16808255702631,23.224771546946105,1594.5693359375,19.173837215894125,31.34960285579731,303.7259521484375,10.081532717055017,5.508,0.0,0.0
neg_496,0,121.18555835033506,24.61550354022359,1244.343994140625,34.537893187286436,43.715661422621004,544.3685302734375,18.129033597885286,2.946,0.0,0.0
neg_497,0,121.80821680921281,24.511144862273483,316.61541748046875,37.09192846004809,45.85700711772784,504.50433349609375,21.38626722507566,1.6,0.0,0.0
neg_498,0,121.42791994103388,24.76866109606967,1606.30615234375,32.27904405987323,43.90795700789127,566.7393798828125,16.77256978273721,2.732,0.0,0.0
neg_499,0,120.61646509355921,23.34592881920967,336.8410339355469,27.050962484034486,38.264194642697376,354.7637023925781,14.38968016628873,3.047,0.0,0.0
neg_500,0,121.18637846481785,22.93142651546668,419.83135986328125,24.506508691074856,37.77355486538472,317.5052795410156,13.40240076041695,3.441,0.0,0.0
neg_501,0,121.36832008914331,25.008898940229976,168.02671813964844,14.08262488547683,29.23734909876315,157.14945220947266,9.384300942292946,1.163,0.0,0.0
neg_502,0,121.26856445610358,23.080178746163362,501.4275817871094,31.43119339209149,40.70888649999065,331.0604553222656,18.22267249471139,1.749,0.0,0.0
neg_503,0,120.90295833810607,24.06253499517106,411.9985046386719,18.463639289568874,36.48175790566259,283.6204528808594,11.464862494491152,0.252,1.0,1.0
neg_504,0,120.93710865523003,22.877611813509347,1303.9481201171875,48.525231165508934,62.67522704591533,1184.1206665039062,27.741533167520167,9.773,0.0,0.0
neg_505,0,120.84202016424172,23.2274256092461,1127.476318359375,30.350653954547195,42.15981586172,488.1610107421875,16.69129741847632,0.486,1.0,1.0
neg_506,0,121.05013260443019,23.319773012891325,2816.512939453125,30.846350959040638,44.86620214988809,529.67236328125,16.345127177058398,16.666,0.0,0.0
neg_507,0,121.45432725711687,24.703316557244044,2006.870849609375,31.797869486314948,45.11789983491861,552.6856689453125,17.598296370683347,1.166,0.0,0.0
neg_508,0,121.33013478809686,23.077090488946656,202.8274688720703,30.688553319445166,49.256336219783655,651.059944152832,18.23662690973673,0.012,1.0,0.0
neg_509,0,120.70589204250061,22.885922515170094,943.2896118164062,33.27548741597534,46.55934816001497,579.4880981445312,19.2725367437902,1.766,0.0,0.0
neg_510,0,121.31113117413236,24.182270941778118,2637.64794921875,29.782174742490835,42.44609575626644,443.292236328125,16.707274916550936,8.995,0.0,0.0
neg_511,0,120.64152918328736,23.472981524379687,492.4864501953125,27.873501190721456,44.999829665702,512.6029052734375,17.216408970130065,0.794,0.0,0.0
neg_512,0,120.99623714191527,24.25541437335729,1806.438720703125,34.7389280450474,45.57434584576045,547.3743896484375,20.393203306359574,1.823,0.0,0.0
neg_513,0,120.92878917109073,24.500660022879273,805.7195434570312,27.58393071963824,38.97046141934181,384.3912353515625,14.969677199000314,1.416,0.0,0.0
neg_514,0,120.97702527633581,23.16196083016375,2186.77294921875,28.59556038224426,38.86122774228452,548.281494140625,14.238262581037132,5.391,0.0,0.0
neg_515,0,121.18146160149091,23.356861303464477,879.4102172851562,32.7598445729185,43.557953308205924,590.4451293945312,18.349291107543973,7.949,0.0,0.0
neg_516,0,120.89555382949253,24.3632215202271,805.0918579101562,27.328657404466863,41.056674285804824,456.74884033203125,15.21715249947779,1.53,0.0,0.0
neg_517,0,120.84103202646611,22.98808349722752,2643.251953125,36.50470261973218,48.289387111299085,474.228515625,21.38117309976501,14.785,0.0,0.0
neg_518,0,121.03422022512068,24.30408320785087,2484.899169921875,35.821221743483456,44.87296486727435,674.05908203125,19.326264353902996,6.067,0.0,0.0
neg_519,0,120.86902244577368,22.184665360858112,178.6934814453125,20.771106934273206,29.8766904127344,231.4756088256836,11.479193284982774,3.912,0.0,0.0
neg_520,0,120.73387241262623,22.637753049558995,960.5703125,39.15036023217357,55.52218780406172,552.0687255859375,27.126446558955475,7.016,0.0,0.0
neg_521,0,120.5987573189402,23.125018201674806,376.4068908691406,21.174170073268733,37.06139173137703,432.2249450683594,11.136290326326604,0.831,0.0,1.0
neg_522,0,120.74053442076367,22.517602959440687,1069.6346435546875,39.50165153069251,51.74067593526388,699.4795532226562,23.182063345637552,6.247,0.0,0.0
neg_523,0,120.8806373798674,24.218593567968163,600.859375,24.852995149873337,37.493290478114226,305.392822265625,13.638473159819807,1.089,0.0,0.0
neg_524,0,120.96344515186051,23.63873149711147,2716.837646484375,37.65593232312,48.58695681724202,706.432373046875,18.67021445615256,4.501,0.0,0.0
neg_525,0,120.63691963857558,23.370801856884448,875.776123046875,25.712969112742112,47.696236568343636,451.9141845703125,19.852297030542324,3.593,0.0,0.0
neg_526,0,120.98584183812763,23.081286890575953,2071.829833984375,39.1609343847289,48.523663301296075,821.786376953125,21.724350417539494,8.279,0.0,0.0
neg_527,0,121.60962367970716,24.824107169720907,1123.35302734375,30.17579856474704,40.246986616717955,406.0506591796875,16.797908041264417,5.525,0.0,0.0
neg_528,0,121.15829222345657,23.144367468524663,958.6837768554688,34.68987093316907,47.48923462075862,748.2973327636719,16.995902653555344,3.088,0.0,0.0
neg_529,0,121.33005973205212,24.75132662792236,1132.4122314453125,33.51075385959529,45.01405247072553,456.30096435546875,18.095347888716823,0.578,0.0,0.0
neg_530,0,120.74002082192958,24.158266204998576,146.9036865234375,6.019536641476182,15.946219801231635,115.28302001953125,4.541174558867814,1.948,0.0,0.0
neg_531,0,121.11557011914657,23.40986450339274,1514.68408203125,39.93731982361911,52.67526587351681,794.588134765625,21.74066169306982,15.09,0.0,0.0
neg_532,0,121.10599258539965,24.349938870138562,2745.41259765625,37.06340113563414,46.7622934197968,805.255615234375,17.490411647597682,12.697,0.0,0.0
neg_533,0,121.21518613141194,23.038218660338988,388.5805969238281,16.690136248262448,23.234064161724124,247.07626342773438,8.843325184589398,4.674,0.0,0.0
neg_534,0,121.08544013034864,23.51237911572365,3123.50439453125,41.218650462778854,52.01378697188959,701.896484375,24.717841653116633,15.138,0.0,0.0
neg_535,0,121.1958089275187,24.688538383805696,600.4009399414062,31.399048179420078,41.408899757199904,562.8852233886719,15.301301528957662,0.349,1.0,1.0
neg_536,0,121.27937536724089,23.670804924812003,1834.650634765625,29.02326882575117,38.849629141223915,547.6981201171875,13.653225552225981,6.158,0.0,0.0
neg_537,0,120.64199080722038,23.682778525008807,234.0316162109375,24.486500734040796,36.74796741417213,185.5284423828125,14.899540445968821,2.371,0.0,0.0
neg_538,0,121.6182265625796,25.150408035114623,281.62274169921875,18.27943519872861,28.85992591041031,224.87722778320312,9.8521615522477,1.769,0.0,0.0
neg_539,0,121.13565824884874,23.120256164896098,1071.931884765625,27.00230782249919,38.54441072685444,409.01458740234375,15.044278176121246,0.997,0.0,0.0
neg_540,0,120.7036973392479,23.291577772921045,1216.8692626953125,25.184230094767898,37.9999547049973,363.24407958984375,13.629657158293583,1.346,0.0,0.0
neg_541,0,120.5432845248944,23.13305662508273,452.17681884765625,28.707524517265675,38.7873669508938,423.114990234375,14.971445864883629,0.179,1.0,0.0
neg_542,0,121.34390368335322,24.337783048484514,2566.478515625,34.85222727220331,43.869831840843645,598.26611328125,16.946519836774513,4.133,0.0,0.0
neg_543,0,120.79260512780269,23.113781157518122,1160.7611083984375,41.6168465231753,55.50858734619832,932.7130737304688,25.55175637298911,5.952,0.0,0.0
neg_544,0,121.53416297362529,24.127473950239576,1877.4976806640625,33.454269719361,42.27580852859215,737.5274658203125,16.466086652670295,2.327,0.0,0.0
neg_545,0,120.76044241845594,22.548229923386,1666.430419921875,38.07228068555953,49.369125036123194,788.1282958984375,18.82501919466522,8.649,0.0,0.0
neg_546,0,120.746347510023,23.017595939601332,1132.7928466796875,28.550784386057575,38.18110917016267,325.04931640625,16.11101460621978,5.222,0.0,0.0
neg_547,0,121.10720346647278,23.92029097692769,1577.9586181640625,33.3011683713827,44.15583546062456,596.828369140625,16.96062941976072,1.436,0.0,0.0
neg_548,0,121.41984601338623,23.582728818641,355.3135070800781,28.636210225623834,42.407623277300004,239.31564331054688,16.64249080778048,0.197,1.0,0.0
neg_549,0,121.13935586846434,24.779416049480588,182.8302001953125,18.74885917451883,30.246262956649836,101.88677978515625,11.406437797762745,1.945,0.0,0.0
neg_550,0,121.2513667180859,24.496782013511783,2077.859130859375,34.428016579491555,44.436297865342524,400.8802490234375,20.282576736151913,10.467,0.0,0.0
neg_551,0,120.67218518396389,22.374922229393444,435.7406311035156,30.22151144060356,40.82993045350491,409.43804931640625,16.854726921734816,2.572,0.0,0.0
neg_552,0,121.2218059440379,23.42791203025,1898.0035400390625,36.7102748087351,48.40497256783806,862.873779296875,17.366758547319858,7.028,0.0,0.0
neg_553,0,120.94139247974199,23.99792862677816,496.9627990722656,8.244556457435932,23.576710133206703,114.43817138671875,7.305550474681432,3.325,0.0,0.0
neg_554,0,121.12864887204535,24.05153394745802,1688.459228515625,36.653706051967305,49.542387934484694,633.51318359375,22.048442561341094,1.341,0.0,0.0
neg_555,0,121.1999441076361,23.624311264479335,2208.088623046875,36.11879399011068,46.283531479416915,513.2021484375,20.97021059537704,11.603,0.0,0.0
neg_556,0,121.02057056901123,22.904757469070724,766.5342407226562,37.179879235034115,55.23018477357762,414.25811767578125,25.940885440736565,3.285,0.0,0.0
neg_557,0,120.65882756974963,24.194732729003427,118.53292083740234,1.04178658746982,1.7426101424164144,17.481704711914062,0.6918317965854479,7.22,0.0,0.0
neg_558,0,120.48256050858423,22.926771606950997,199.86436462402344,21.139767571036202,30.287333882363836,196.9018783569336,11.653043753130573,1.696,0.0,0.0
neg_559,0,120.9185930177775,23.655725492508815,1675.2786865234375,39.72838867610843,49.64523590688854,904.5389404296875,19.288207593480763,2.586,0.0,0.0
neg_560,0,120.86970068992282,22.13551903980359,136.93643188476562,18.667573132363096,28.22571640824039,157.64852905273438,10.268354806147604,5.659,0.0,0.0
neg_561,0,121.02653903090098,22.75255151933857,550.9002685546875,30.775114225734665,41.41302724080536,612.5023498535156,15.221409977513572,0.966,0.0,0.0
neg_562,0,120.93806015623966,23.66636954298732,2307.137451171875,35.76324072147598,45.95897772352923,560.0311279296875,21.01398781747905,0.65,0.0,1.0
neg_563,0,121.10297061310314,23.626692808579637,3209.306884765625,36.21848947853893,48.35575213310626,592.802978515625,18.434153311922614,16.178,0.0,0.0
neg_564,0,121.1190976301306,24.62466617770861,306.5516357421875,29.365845949359453,43.96059248343141,435.04876708984375,18.39571660679271,0.953,0.0,0.0
neg_565,0,120.90335027933513,23.295894089473705,1406.72021484375,41.24751791979033,53.16543687303649,734.5249633789062,24.158023989507164,8.21,0.0,0.0
neg_566,0,121.10232343641455,24.055251290252283,1434.9014892578125,36.904687852706175,48.85058026687188,600.30224609375,20.182959139853253,1.466,0.0,0.0
neg_567,0,121.40101369399123,24.27879856916992,2300.937255859375,32.320709371821366,40.759452348919744,632.75830078125,16.400363402902148,7.769,0.0,0.0
neg_568,0,121.25472831544963,23.220699912816336,294.4749755859375,19.01230382184071,35.41572005307673,353.3630676269531,10.723046775765454,0.729,0.0,1.0
neg_569,0,120.95099983923647,22.79506926241089,2056.866943359375,30.69975145693893,44.1606484223051,370.543212890625,19.016221927686644,7.093,0.0,0.0
neg_570,0,120.65721071678865,23.87616592128248,248.06455993652344,1.8889951974602617,2.90289188046219,31.807083129882812,0.8189728211820484,3.761,0.0,0.0
neg_571,0,120.98488950118396,23.178454408268866,1953.057861328125,38.37677212292633,48.33767598614171,708.943603515625,20.211894570028388,4.875,0.0,0.0
neg_572,0,121.20877082391843,22.87020758163539,115.07467651367188,12.055240055962715,27.83895039258106,155.0482635498047,8.349516520808965,0.507,0.0,0.0
neg_573,0,121.41817312439478,24.389090827012478,2690.491455078125,39.00987817303572,49.49758722612649,868.346435546875,19.0318774742843,5.656,0.0,0.0
neg_574,0,120.6749759683177,23.86306653408583,179.33807373046875,3.7899755525009073,7.8967716093587335,46.520263671875,2.5033978541578232,3.796,0.0,0.0
neg_575,0,121.08075460151211,23.41323907376052,1574.4090576171875,38.70357466776496,48.784652422779914,659.0887451171875,22.532351336419815,18.623,0.0,0.0
neg_576,0,121.4064408771436,23.323796220715913,688.199951171875,43.95657308882943,58.890011397494014,659.5212707519531,30.181669492616248,1.359,0.0,0.0
neg_577,0,120.99184759276288,23.79194272530308,461.7882995605469,19.350161042042885,42.416802760726995,295.166748046875,14.684835603502293,4.007,0.0,0.0
neg_578,0,121.11436832080271,24.292415863001505,2404.815673828125,38.61167611399415,49.37315008450902,676.9703369140625,20.212179855530774,7.001,0.0,0.0
neg_579,0,120.90363460901628,22.927978247380963,1260.0794677734375,31.19962893547084,44.80391942487724,459.1737060546875,17.787840361490435,14.225,0.0,0.0
neg_580,0,120.79892541718742,21.954631712751663,127.29232788085938,15.31597215903153,24.524559700017385,296.3243236541748,7.994326827613847,6.435,0.0,0.0
neg_581,0,121.0212061182813,22.73513256197535,964.5308227539062,23.98179335444908,32.18869445211046,404.60943603515625,10.99040055361225,0.839,0.0,0.0
neg_582,0,120.73913932168003,23.309437479214694,1058.0281982421875,35.75981362038393,47.695190332896296,702.375732421875,18.630444156653986,3.752,0.0,0.0
neg_583,0,120.97070853772338,23.407355771178928,2347.516845703125,41.061569727494174,51.42089119617776,691.097412109375,23.30481617357512,11.954,0.0,0.0
neg_584,0,121.23326004921574,24.954900531359883,135.69944763183594,1.182931423264267,2.416947306527581,15.183982849121094,0.7011914084100425,10.88,0.0,0.0
neg_585,0,121.01424080615094,22.85322085424355,888.0696411132812,30.079143237658297,44.146497308556924,430.87030029296875,18.117627267469068,2.018,0.0,0.0
neg_586,0,121.08902352679213,23.625821607493798,3416.449951171875,35.801431231426285,48.55560396216281,763.169189453125,18.258695626479245,14.815,0.0,0.0
neg_587,0,120.73348810371829,24.435908806442868,175.34262084960938,12.844876814165238,21.392135707139342,106.83873748779297,7.769681947334842,1.014,0.0,0.0
neg_588,0,120.76230280014656,24.252270003666386,484.1639709472656,21.425331034867057,35.870443681122346,261.5013122558594,13.333590466167664,1.743,0.0,0.0
neg_589,0,120.83379239321512,22.342548044277613,156.67982482910156,27.771433218875394,40.41219528547448,264.9619140625,16.5389652756314,2.45,0.0,0.0
neg_590,0,120.92550970488296,24.22457010147593,1591.5999755859375,30.38004054733976,40.99031093898203,443.7718505859375,18.610340842195143,0.492,1.0,0.0
neg_591,0,120.9361626460049,24.12123098095546,1029.37646484375,27.915668753414156,38.55559133263888,517.0989990234375,12.762614014065138,1.121,0.0,0.0
neg_592,0,121.75849043331944,24.337736794850592,405.834228515625,35.14402412331111,46.4098002493535,658.8147125244141,18.074085272018642,2.186,0.0,0.0
neg_593,0,120.68947792105972,23.57701178748741,649.0785522460938,26.099524021237745,44.61273991606932,344.6025695800781,16.737770808241592,0.391,1.0,0.0
neg_594,0,121.38122870731402,24.79359501971988,542.5252075195312,26.378085483680394,38.81414752817921,372.84649658203125,13.925619757449809,0.778,0.0,0.0
neg_595,0,120.5767984277374,23.297542945470198,205.48658752441406,1.089129450121155,2.646473111745971,19.616790771484375,1.3914736560265002,2.386,0.0,0.0
neg_596,0,120.8835869310846,23.887659391499874,574.5433349609375,18.932350400794192,34.29869324884843,234.82553100585938,12.055091532891268,1.525,0.0,0.0
neg_597,0,120.53003067846127,23.356343987058146,453.0055236816406,21.620351882827872,32.92755017517878,253.093505859375,12.059894302427836,1.271,0.0,0.0
neg_598,0,120.75069335891945,22.19200026181682,236.11178588867188,28.200467465344712,39.06358781312123,430.89356994628906,15.645285773657529,0.05,1.0,1.0
neg_599,0,121.8797967639322,25.040325386483342,107.24928283691406,20.008459900546924,29.20399063945961,163.0377655029297,11.043259884102305,1.703,0.0,0.0
neg_600,0,120.66344633238317,22.340416387121216,307.44635009765625,28.40056502371548,38.47239657404479,465.89139556884766,14.257045690731626,1.778,0.0,0.0
neg_601,0,120.88091037914555,23.123341944832656,2536.30712890625,38.33325419737406,51.99174856444339,816.0478515625,20.82770456168457,3.76,0.0,0.0
neg_602,0,121.32536213441477,24.73669687187058,874.6541137695312,31.933337664806118,41.40368340216284,480.11285400390625,16.31247414140319,2.107,0.0,0.0
neg_603,0,121.6905014884632,24.817041328742,664.1810302734375,18.895296859890585,30.156466374566357,277.3695068359375,10.73462048823507,0.626,0.0,0.0
neg_604,0,120.5998664092352,22.851825875171045,101.66110229492188,1.4974712811602031,3.0891295657382942,17.66565704345703,0.8431344854538726,1.869,0.0,0.0
neg_605,0,121.61983086016859,24.55124894569225,1612.71484375,27.614870154081004,39.20399479878436,564.9652099609375,13.020917955977069,4.58,0.0,0.0
neg_606,0,121.15207529572058,23.736105883519976,1789.3565673828125,37.92760369451742,48.534455324960874,568.03564453125,22.47039980883391,19.802,0.0,0.0
neg_607,0,120.83987583129586,22.827019828785026,1718.8299560546875,35.034802835651284,43.40491756646072,620.277099609375,18.02208542534906,14.141,0.0,0.0
neg_608,0,120.48740127968289,23.059555159450362,131.45761108398438,12.107090932511104,23.268478577778076,121.64275360107422,7.868378050800322,2.716,0.0,0.0
neg_609,0,121.14814253867675,23.506178304263038,3006.00830078125,36.73807047744665,48.4733931713391,712.423095703125,19.07724359985336,17.359,0.0,0.0
neg_610,0,121.19632382911465,23.86827892632102,2691.851806640625,29.40813631613152,39.96036179036798,511.720947265625,15.26724001382253,11.281,0.0,0.0
neg_611,0,120.77730371536616,23.77612032918073,360.9989013671875,17.69372939367238,29.388999131597622,175.01806640625,10.147710299996268,2.187,0.0,0.0
neg_612,0,120.81523832284554,22.179651875585503,582.6187133789062,20.20682479353573,30.12982852672001,253.71078491210938,10.8045303020413,0.737,0.0,1.0
neg_613,0,120.62670179378318,23.021559318813907,418.3920593261719,21.750913158000245,32.032577259891895,224.25384521484375,11.864397958027704,1.079,0.0,0.0
neg_614,0,121.2479170692264,24.001407853770893,2361.98974609375,39.647608705495166,49.99986982086198,727.681884765625,20.905884557135263,2.707,0.0,0.0
neg_615,0,121.29387863981567,23.862491171267337,2253.27001953125,35.670754285674,45.97312162183676,424.07275390625,21.632278511068083,11.052,0.0,0.0
neg_616,0,121.28381245173206,23.342783694564964,413.5937194824219,25.136524369097035,33.57104253006819,463.24000549316406,11.74628984119348,1.125,0.0,0.0
neg_617,0,120.8821920852996,22.880043624593142,1845.328125,37.34814384546463,46.03034677121717,706.28662109375,20.68745973677394,14.962,0.0,0.0
neg_618,0,120.7239532214319,22.17754985359719,602.4795532226562,26.780197583809667,40.19321778407578,389.3025817871094,16.061247234415475,0.034,1.0,0.0
neg_619,0,121.13166179549586,24.12875297734057,1593.214599609375,36.02344026490576,47.924421255244994,567.323486328125,20.134755293073212,4.996,0.0,0.0
neg_620,0,120.64363733323749,24.288458967648843,178.4246063232422,2.0321894582212017,2.5470460740855247,68.94439697265625,3.3558399958428757,3.824,0.0,0.0
neg_621,0,121.7630354088711,24.949169016681026,504.30340576171875,29.68429221917215,39.47692459293346,303.31036376953125,17.217001229240967,2.76,0.0,0.0
neg_622,0,120.84232136130582,24.232387191187446,517.9535522460938,16.22201838522674,27.67553160416747,175.3433837890625,8.920335469016289,0.722,0.0,1.0
neg_623,0,121.09258660705859,24.265508669156457,1429.2637939453125,39.51259379933694,49.32473659351355,845.9456787109375,20.145096642431636,4.109,0.0,0.0
neg_624,0,120.72275577050443,23.926094296488962,252.95013427734375,18.370583463703245,27.61677402428558,162.3969497680664,10.192067929061091,4.654,0.0,0.0
neg_625,0,121.46247358400804,24.953057838281957,243.5220184326172,28.091332708381017,38.232184629560734,328.8725128173828,16.625135165613386,0.852,0.0,0.0
neg_626,0,121.3124364790519,23.297106003242376,149.6920623779297,1.2693590949252207,2.7518288397996233,15.522674560546875,0.9269570062936608,2.24,0.0,0.0
neg_627,0,121.45027666185304,23.73277939379725,110.11328125,0.8191659814215152,1.34952295592664,13.524993896484375,0.35484958969203845,1.794,0.0,0.0
neg_628,0,121.52190474125189,24.748968320588425,1028.473876953125,30.283257123022434,41.59098593153108,435.29266357421875,16.795275743528865,3.382,0.0,0.0
neg_629,0,121.60129715177239,24.856849300793797,742.03662109375,33.36896120730387,41.87531385495622,413.3461608886719,18.90393908671345,4.244,0.0,0.0
neg_630,0,121.30096551594572,23.048662175006456,190.92819213867188,20.080188358235237,35.39903136519973,345.7458724975586,12.679852117124229,0.572,0.0,0.0
neg_631,0,120.9876986616429,23.747163723648107,2584.068603515625,39.27393315201491,48.64527846681499,750.919921875,19.82216470976086,3.499,0.0,0.0
neg_632,0,120.64480624119415,24.259540981657604,184.6673583984375,1.2947090892107285,2.562763888950396,20.251022338867188,0.6997862487408565,4.386,0.0,0.0
neg_633,0,121.45251711570701,24.47232743602624,1374.4620361328125,36.86855648379667,45.228249689841235,709.821533203125,19.02682042782458,1.184,0.0,0.0
neg_634,0,121.36920107250248,24.80798831159458,349.3471984863281,25.499126813408072,38.28252083560669,361.16575622558594,14.671595750993234,0.049,1.0,0.0
neg_635,0,121.61150392975198,24.93623200467838,339.37890625,25.635793692526086,36.46814671906416,345.9324188232422,14.421304918520132,1.952,0.0,0.0
neg_636,0,120.56605287104527,23.126333729588186,190.3437957763672,17.985460093726566,33.16767257865979,167.2826690673828,12.354287764675243,2.154,0.0,0.0
neg_637,0,121.28826747089911,23.911027908704245,2680.670166015625,36.229826294137204,45.39950768968152,779.693115234375,17.609321639182568,12.394,0.0,0.0
neg_638,0,121.59440922928634,24.68966046534161,308.85791015625,29.244523126059462,40.031929689743755,403.24879455566406,15.484634923558128,0.048,1.0,0.0
neg_639,0,121.51969668821957,24.270785184486726,1719.682373046875,34.746793150302196,45.92774589337399,564.7493896484375,18.773309364806106,8.028,0.0,0.0
neg_640,0,120.71735078379048,22.218306354300342,251.3020782470703,22.764138370164872,34.24637878588684,252.2288589477539,12.889725416039257,1.745,0.0,0.0
neg_641,0,121.73856142497193,24.906812555600254,665.5694580078125,31.40834110052491,43.062328627008995,377.48248291015625,18.450501036497407,1.267,0.0,0.0
neg_642,0,120.83035615577677,22.334416501664027,325.1946716308594,26.017088610297456,39.4947353874317,346.2444610595703,14.892914984833542,1.711,0.0,0.0
neg_643,0,120.83502782169144,23.86761597980593,746.7637329101562,25.54398208567253,35.78569594727651,471.2857666015625,12.675058296312722,1.519,0.0,0.0
neg_644,0,121.51048297023517,24.172859261843318,642.9108276367188,39.648536196589234,58.598669923973915,871.0573120117188,25.31177130600624,4.908,0.0,0.0
neg_645,0,120.83077973565565,22.383369968194682,201.3675079345703,28.92377968203177,42.12071876589202,398.85595703125,16.813000341912648,2.737,0.0,0.0
neg_646,0,120.87996992986645,22.884224684530604,2140.910400390625,35.82286771131911,45.5878652684152,568.521728515625,20.224472669836594,15.346,0.0,0.0
neg_647,0,120.54186916529525,23.398211342554337,212.7332305908203,17.220080745155403,27.163685671925254,246.7832489013672,9.187082695120216,0.752,0.0,1.0
neg_648,0,120.87590068541368,22.879898976653493,2081.46728515625,37.0263950555301,46.21154661338527,750.7454833984375,19.186893411858403,15.561,0.0,0.0
neg_649,0,121.07014836368933,24.05962295510324,1629.15673828125,39.8117382370779,49.56816199523557,673.291015625,22.28587143929226,2.429,0.0,0.0
neg_650,0,120.82556370536804,23.008595476166654,1474.135498046875,39.058227777769616,57.013668823066396,618.29443359375,25.30899259976357,12.317,0.0,0.0
neg_651,0,121.15960642084377,22.97296942097293,180.2415771484375,2.037318326444474,2.7623641335464533,36.16691589355469,1.335530607268058,1.581,0.0,0.0
neg_652,0,121.328165206913,24.406363170656658,2471.047607421875,38.238150961524795,49.687980037274,536.227783203125,24.01965883324184,1.284,0.0,0.0
neg_653,0,121.52995589477614,24.5716063287736,1016.441162109375,30.575144048549085,41.58597894770655,484.77032470703125,16.748832946474653,0.285,1.0,1.0
neg_654,0,120.80929966804094,22.51132364129595,1330.8095703125,35.06654667259349,48.36420695928845,623.4141235351562,19.347575877390717,9.213,0.0,0.0
neg_655,0,121.76817782532335,24.452270238743104,131.65475463867188,34.03774453090304,49.98456122944117,509.45872497558594,21.812536271376956,1.242,0.0,0.0
neg_656,0,121.62106062373483,24.97172010042833,461.9299621582031,30.437541414247438,40.97837348490368,389.680419921875,17.722911322607935,0.64,0.0,0.0
neg_657,0,121.32094890535686,23.982261652461485,2331.626953125,38.080459444776146,49.975645707940636,641.0870361328125,21.66500762225699,7.43,0.0,0.0
neg_658,0,120.52075341661791,23.032900003966756,347.2148742675781,21.031841739838534,31.564294937733752,348.9084930419922,10.725987006819807,2.08,0.0,0.0
neg_659,0,121.32815468300241,24.4140818533452,2624.8212890625,30.087859356249787,44.23937725429962,447.375,17.843304301171706,0.915,0.0,0.0
neg_660,0,120.8462476125992,22.85272156903474,2213.715576171875,35.56467154632315,47.52853268745059,557.974365234375,20.146445857200217,13.903,0.0,0.0
neg_661,0,121.8293767337221,24.547758493814243,490.6213073730469,25.013800985860353,36.87628759613,452.6021423339844,12.137679716496589,1.631,0.0,0.0
neg_662,0,120.68030620968418,24.24756816580074,174.00270080566406,0.7408877648601085,1.3321647901498699,11.542205810546875,0.37453133923742776,7.504,0.0,0.0
neg_663,0,120.7577823597195,24.09709184250714,311.5188903808594,21.644363732734977,32.99088518356825,240.297119140625,11.511239615018921,0.913,0.0,0.0
neg_664,0,121.18133937087553,23.184934898493108,624.206787109375,36.30134088087025,49.88429368955172,510.873779296875,23.332922397479617,2.188,0.0,0.0
neg_665,0,121.5879814613247,24.86246332608058,470.6113586425781,30.545160720143834,41.35664015605837,420.0064697265625,17.574166103187025,2.834,0.0,0.0
neg_666,0,120.90344430989211,24.15125723353713,984.867919921875,30.865117471353333,43.33317316012322,517.154541015625,18.010968487211475,0.6,0.0,0.0
neg_667,0,120.62060355922132,23.446190700143763,520.8203735351562,31.46940146003155,43.045624953586426,469.7848815917969,17.319908226336327,1.5,0.0,0.0
neg_668,0,121.29679685684856,23.81302543567329,2461.279052734375,41.01042813159542,55.69271213852264,931.298583984375,25.550169879031124,11.909,0.0,0.0
neg_669,0,121.37521418635541,24.301157096186746,2475.92626953125,35.02709850697257,46.034297458807096,575.31494140625,18.154119601911017,9.082,0.0,0.0
neg_670,0,121.15494778766796,23.610203599805054,2771.3896484375,38.26471021344547,49.26766972908599,602.193359375,22.09175237395936,16.278,0.0,0.0
neg_671,0,121.42373636596548,25.14821820052647,164.30052185058594,15.315918566700333,25.683419363153508,313.64945220947266,6.998878994211452,0.624,0.0,0.0
neg_672,0,120.88398224824248,24.311459889024448,476.3216552734375,22.132323204552485,34.18052280857733,210.49053955078125,13.431413414216083,0.244,1.0,1.0
neg_673,0,120.70029819707312,23.179550014330733,1276.9725341796875,29.243906150985836,38.95484635662779,471.4818115234375,15.289420427399026,3.578,0.0,0.0
neg_674,0,121.3786037239441,23.201730093590843,261.7713928222656,23.15008436502174,33.46790527987684,349.93408203125,12.631365902971428,0.596,0.0,1.0
neg_675,0,121.48088199199944,23.42658151076517,109.86749267578125,21.952507418421412,34.56537151982929,280.8324222564697,11.711213210693874,5.237,0.0,0.0
neg_676,0,120.69846630747647,22.448468894046936,262.1386413574219,28.89889940658648,44.33559938001232,355.5924072265625,18.522881259843313,5.074,0.0,0.0
neg_677,0,120.93305337129064,22.981652523454702,1945.032958984375,31.358193499260565,40.96043534088799,432.624267578125,16.550054579182802,11.698,0.0,0.0
neg_678,0,121.443596705332,24.295948563840177,2800.76025390625,40.861201524485715,53.84074444076881,787.206298828125,24.518982779851346,8.41,0.0,0.0
neg_679,0,120.72468240775676,24.212314245909567,198.7489013671875,4.353366441895934,10.11784128264883,70.85403442382812,2.7773464689533225,1.578,0.0,0.0
neg_680,0,121.37627082183678,24.985433179321845,199.0465087890625,20.13048283137935,30.782441139947068,228.781494140625,11.45567374558648,0.037,1.0,0.0
neg_681,0,121.1724469870424,22.961152528852377,152.84588623046875,4.110429558624415,15.405301930656448,73.2353515625,4.550104528162477,1.395,0.0,0.0
neg_682,0,121.31302012144394,24.566543400072092,1211.0556640625,36.93898170736361,49.96858867107128,441.9742431640625,21.13365102502173,1.458,0.0,0.0
neg_683,0,121.76032384023794,25.053449210646296,478.7873229980469,29.175344754550053,40.44316829020068,322.7229309082031,17.74139627917331,0.482,1.0,0.0
neg_684,0,120.59011568783964,23.053934209823602,318.22613525390625,19.756312728532382,29.58893706714587,186.71542358398438,10.54735714563472,0.111,1.0,1.0
neg_685,0,121.72773316432878,24.991968376050014,428.6172180175781,23.517812133264986,34.637164408323464,318.19512939453125,12.737045032181122,3.471,0.0,0.0
neg_686,0,120.9773450337993,23.313104412477188,1854.7730712890625,39.92682136519985,54.531220092535136,688.07568359375,24.492134299044846,13.182,0.0,0.0
neg_687,0,121.25593079253895,23.273214159753714,298.1395568847656,21.299835250262436,34.98566768039996,389.5139617919922,10.899764312359759,0.591,0.0,1.0
neg_688,0,121.6065300358078,24.08943088182643,131.9346160888672,25.435857777860182,44.62395149042743,560.0030117034912,13.03946825223818,1.223,0.0,0.0
neg_689,0,121.45449496479944,24.044288635391847,1428.629150390625,35.16652534303711,46.03179592337651,412.9656982421875,20.15145757739951,4.474,0.0,0.0
neg_690,0,121.11308973643023,24.444524380463182,1238.946044921875,34.2456613473605,56.473159089381674,1669.2281494140625,213.85489457437063,8.77,0.0,0.0
neg_691,0,120.77669246633967,23.347288687390513,1084.6416015625,31.566118562157914,42.94123035241843,601.3063354492188,15.536491896557406,6.795,0.0,0.0
neg_692,0,121.22995487092909,22.95165087540759,388.4665222167969,15.684981545444833,35.67319507513552,236.07839965820312,10.84370691491117,2.787,0.0,0.0
neg_693,0,121.15617296524323,23.551056167735826,2429.1533203125,37.811770913491394,49.915959403664736,526.337890625,21.44345842619755,17.454,0.0,0.0
neg_694,0,121.32317483130065,23.85503395954475,1899.1622314453125,40.718777263892036,51.83175643299541,701.0377197265625,24.957768074650435,8.196,0.0,0.0
neg_695,0,121.17414870013766,24.443556206438778,2215.631103515625,35.75577832005671,48.24124112014994,455.4976806640625,21.502253287842315,9.484,0.0,0.0
neg_696,0,121.27874809823024,24.275700004547467,1848.0372314453125,28.22298198095601,38.625962917681534,523.7117919921875,13.796795514665893,6.362,0.0,0.0
neg_697,0,120.81912387355487,22.19382192724387,472.46075439453125,26.015070534990734,37.80931148816997,193.39837646484375,15.176490476201128,1.572,0.0,0.0
neg_698,0,121.81376684401546,24.90674296627191,838.7874755859375,27.13520597722479,36.392772274240635,295.8433837890625,15.026448104747612,2.425,0.0,0.0
neg_699,0,121.0924182248009,24.15161620779366,1516.2919921875,40.3293866254765,50.76523212718402,595.581298828125,23.973323246112216,3.997,0.0,0.0
neg_700,0,121.15690975544246,24.922392930792444,187.5364532470703,2.494440965975369,5.1158111180540375,42.19732666015625,1.2908427554889323,8.982,0.0,0.0
neg_701,0,121.31878952844556,24.868023232559956,274.6009826660156,23.025568178481848,34.24992801697071,236.54824829101562,13.33006635651176,0.823,0.0,0.0
neg_702,0,121.25855848839274,24.869108974195996,202.85494995117188,3.051376198062092,9.565029009007135,68.79266357421875,3.8708733144011345,4.628,0.0,0.0
neg_703,0,121.10000682674956,24.05386482965286,1524.0267333984375,39.410186614510586,49.19948333048864,677.832275390625,22.822776312366173,1.353,0.0,0.0
neg_704,0,120.61752319382579,22.882143545009164,130.61117553710938,4.710769955058647,17.489230870015675,56.2987060546875,4.6530272199623335,3.441,0.0,0.0
neg_705,0,121.58078681171374,23.833214229779127,210.92344665527344,32.248240478905906,44.479043357451616,444.695068359375,19.120939256907413,0.164,1.0,0.0
neg_706,0,121.33875967184287,24.872739109337612,324.8785705566406,31.238493185592404,40.96070738999924,339.7720489501953,18.17892664078449,0.967,0.0,1.0
neg_707,0,120.68775444349681,23.670151360818704,364.4931640625,19.543806215811678,32.10006814858855,335.4627685546875,10.43255637962631,0.514,0.0,0.0
neg_708,0,120.72543180100195,22.1957401724568,250.90802001953125,26.407241053832198,37.26857272564454,431.9062957763672,14.444133034824095,0.448,1.0,1.0
neg_709,0,121.23611856461963,23.456099675209277,1482.258544921875,35.44766405374217,48.7883309876299,699.5323486328125,19.741939875785558,7.399,0.0,0.0
neg_710,0,120.67836597418126,22.48192656804326,1220.65869140625,31.46966532008238,41.451552453967516,546.8463134765625,14.973268518675452,3.339,0.0,0.0
neg_711,0,120.9645277473155,24.610189324033982,142.26121520996094,21.26581213354672,31.387360342948277,246.29647827148438,12.433356573050155,1.624,0.0,0.0
neg_712,0,121.53321657291836,23.703324219075025,240.52511596679688,18.8392221566778,28.383866970685123,292.83705139160156,9.585853904932263,1.047,0.0,0.0
neg_713,0,121.51423708412666,24.45004216378326,1665.582275390625,22.259644017990002,34.11557550730598,449.6787109375,10.072977627699156,4.779,0.0,0.0
neg_714,0,121.21159707089771,24.740852452078293,532.7671508789062,24.021865012138978,35.79274963068943,448.8379821777344,12.2759872030955,1.624,0.0,0.0
neg_715,0,120.53007012049643,23.05922175850935,498.94012451171875,24.701963904222968,35.210008365186034,413.232177734375,12.108958910119231,0.742,0.0,1.0
neg_716,0,121.53726728246801,24.3076628548654,1753.3873291015625,34.893049032930556,45.162312354670256,589.0543212890625,20.275157805837377,12.459,0.0,0.0
neg_717,0,120.95486130529142,24.238054038506707,1896.71044921875,37.15282941556561,48.087900370548915,538.27392578125,22.804506279825407,0.464,1.0,1.0
neg_718,0,121.49826048780152,24.322662945774113,2043.6002197265625,35.92645888985256,49.264113380304245,484.0892333984375,23.445788189525928,12.542,0.0,0.0
neg_719,0,121.29661466611664,23.949538180303456,2698.674560546875,32.29106586515445,43.74481374211927,277.6611328125,20.1325331282115,9.275,0.0,0.0
neg_720,0,120.73225378141707,22.12612536467428,554.3418579101562,30.237790179878278,42.442635473717445,393.5580139160156,18.16541395742782,0.878,0.0,0.0
neg_721,0,121.79905901643836,25.037141757454727,501.6851806640625,26.503032956433167,35.25352923769545,228.37393188476562,14.759463953683913,0.737,0.0,1.0
neg_722,0,121.4567141730132,23.965625614256776,327.2825927734375,32.73325820114125,46.57236704737243,581.4453887939453,19.015320278906866,2.834,0.0,0.0
neg_723,0,121.3528317598059,24.024840293879105,991.2389526367188,37.83213140905709,50.102323556696135,532.6759033203125,24.420564327575104,7.623,0.0,0.0
neg_724,0,121.20697521731954,23.057964518215254,261.9059143066406,10.08508193832523,18.005965877861918,140.91513061523438,6.094956280371157,3.106,0.0,0.0
neg_725,0,120.82966002248389,23.142286126139787,1807.654296875,33.11501373710111,49.32775106833601,533.77587890625,20.53699572629646,3.986,0.0,0.0
neg_726,0,121.3004446739986,24.29331236315958,2127.36279296875,29.776765008189194,39.73148214313553,525.90869140625,14.382607697571292,6.521,0.0,0.0
neg_727,0,121.58857228101391,24.512448831984827,2047.6702880859375,17.74432959107532,29.99706561223375,221.01318359375,10.100065822849967,5.066,0.0,0.0
neg_728,0,120.90617765626072,23.284104617941527,1788.6785888671875,40.00616854934843,48.77665691224753,818.6781005859375,20.932813172083538,7.854,0.0,0.0
neg_729,0,121.29599221783877,23.673076933639788,2076.859130859375,35.11465091833556,49.88422561191546,767.9317626953125,16.728239600225717,5.618,0.0,0.0
neg_730,0,121.03789779506886,24.66709693695925,284.9638977050781,21.69339343645222,31.155591527356595,174.7276611328125,12.424158581360706,1.791,0.0,0.0
neg_731,0,120.95895742417383,23.048007444654214,2084.467041015625,37.34914644322289,48.12853791766044,406.1719970703125,21.747266014627307,12.861,0.0,0.0
neg_732,0,120.85921314159837,23.611012386988254,1580.5517578125,31.811038918344188,41.74411715241161,480.5592041015625,17.891259073115393,0.391,1.0,1.0
neg_733,0,121.07619938369349,24.434219087042504,1491.0821533203125,41.25598730594849,50.12899628204703,788.96826171875,20.9602112536535,6.448,0.0,0.0
neg_734,0,121.18664530577522,23.41284065836696,2491.4384765625,36.3632951327106,49.967099643460024,457.7373046875,21.477799521969594,8.524,0.0,0.0
neg_735,0,120.48199353024154,23.046840522501874,114.08283996582031,7.911770361018041,17.28551984979368,76.69570922851562,4.9468285552743385,3.227,0.0,0.0
neg_736,0,121.18423944345201,24.32874503950358,2735.65380859375,37.58471247663433,44.0720253793435,757.999755859375,17.498154691715015,8.088,0.0,0.0
neg_737,0,121.5712394037325,24.21213629907466,1780.44384765625,36.158307791859436,48.16865321588437,705.7418212890625,19.69506109481825,8.863,0.0,0.0
neg_738,0,120.95834142789873,24.321816764713844,772.630859375,26.61507311871939,39.685005952231215,345.57159423828125,14.872676965326352,1.664,0.0,0.0
neg_739,0,120.64809504338537,22.611719184401373,300.9366455078125,32.6378733355051,44.180624486112336,528.1666488647461,17.03681620090826,1.16,0.0,0.0
neg_740,0,121.14095453897134,22.837101523498024,181.64759826660156,13.455835458799902,22.673448349523888,171.23819732666016,7.850930861547797,1.979,0.0,0.0
neg_741,0,121.16481276867313,24.909932648076634,187.53335571289062,2.8567876568742547,6.113562643402316,47.054290771484375,1.8095757236053984,7.684,0.0,0.0
neg_742,0,121.6203095885586,25.20372279374218,258.2111511230469,17.587887356224105,28.51573466013327,259.65396881103516,9.412402275815305,2.623,0.0,0.0
neg_743,0,121.02616196282968,22.907413225941216,935.7147827148438,32.247337626999254,41.75358494201562,646.5220947265625,15.521492932555836,2.689,0.0,0.0
neg_744,0,121.17503480550272,23.166760567224905,512.7269897460938,27.2115774110897,37.892045135663764,463.396484375,14.532058112819165,1.905,0.0,0.0
neg_745,0,121.33255466539195,23.903004167492334,1268.6043701171875,48.67250623471653,66.91280791317763,969.3206176757812,40.257716294030615,7.873,0.0,0.0
neg_746,0,120.98202882353114,24.581986525062042,548.56396484375,26.922512322017898,36.90706609080474,404.7103576660156,14.840856518366683,1.119,0.0,0.0
neg_747,0,121.19969335099924,24.92353010312161,157.0158233642578,1.410999866659145,3.118306074615564,17.479522705078125,0.8643991330079691,10.24,0.0,0.0
neg_748,0,120.6750224952931,23.578809018438573,582.5969848632812,19.632625692156328,31.51861231532339,362.89776611328125,10.13360399406106,1.532,0.0,0.0
neg_749,0,121.32464250511069,24.72336092728053,1294.51220703125,36.39761093619406,46.87666729433185,658.3820190429688,19.078593779357856,3.139,0.0,0.0
neg_750,0,121.32456981150104,24.425975654346296,2543.9072265625,36.52052477618121,47.681635165380506,457.02734375,22.777271639526894,0.687,0.0,0.0
neg_751,0,120.75833503376685,24.482844272001948,172.7602996826172,18.54321371503006,29.43766250146988,152.79818725585938,10.993075322612043,2.641,0.0,0.0
neg_752,0,121.35591253929323,23.985353458972956,1911.989990234375,34.320708153423936,45.11431315552902,531.44775390625,17.204546161868578,9.664,0.0,0.0
neg_753,0,121.5276506243247,24.735632977365327,1429.18017578125,27.827015316938194,39.31997264012315,300.2554931640625,16.725993615192845,4.783,0.0,0.0
neg_754,0,121.15932575034799,22.987580697135794,175.86561584472656,1.9193791872622918,4.069249565761897,28.340011596679688,1.0493463460538928,2.238,0.0,0.0
neg_755,0,120.63013892949873,23.00624469926616,307.0104064941406,17.43032245246342,27.479193929197706,176.52064514160156,10.044018897411203,1.5,0.0,0.0
neg_756,0,120.84108017851877,22.306615173651114,373.90130615234375,22.020047833163797,33.144766877582214,271.65557861328125,12.255668305421466,0.325,1.0,1.0
neg_757,0,120.46960908546073,23.305348035005565,154.70425415039062,15.343547097275405,25.73058687749796,154.19669342041016,8.983716831677802,0.662,0.0,0.0
neg_758,0,121.19690948906802,23.7503744553644,2507.56640625,30.29850737613132,41.908802097550804,332.10693359375,18.791406360403737,18.288,0.0,0.0
neg_759,0,120.75572732368094,24.23417519310427,362.5898742675781,19.866441015377692,31.486998963668402,196.74588012695312,11.630438590562093,1.567,0.0,0.0
neg_760,0,120.71470060696278,22.63270231499836,1302.374267578125,33.73922924260146,48.124471226169895,564.5606689453125,19.55266297602463,6.08,0.0,0.0
neg_761,0,121.61660205904145,24.84655733981486,337.04248046875,30.567296292766777,40.247306300148814,365.2529296875,17.338082007995027,6.164,0.0,0.0
neg_762,0,120.76881417730426,24.132071885280563,231.13575744628906,19.782911330280264,32.23384365953319,192.53077697753906,11.357333030550915,2.049,0.0,0.0
neg_763,0,120.82640713854934,22.963785456897227,2219.383544921875,34.097269235686845,46.792623047016164,532.0440673828125,19.583797375210132,12.482,0.0,0.0
neg_764,0,120.76570348147196,23.633810154011282,1556.7178955078125,41.76015558154637,56.248253474508964,861.4937744140625,23.922769556654515,1.037,0.0,0.0
neg_765,0,121.15604126782755,23.118800729829346,703.5333862304688,29.716350160262795,40.5510421496676,465.4934997558594,16.089284322005597,1.233,0.0,0.0
neg_766,0,120.85022898072859,22.286779581764584,169.4396209716797,21.575859993354896,35.59948038843353,257.9154281616211,12.46319418493344,0.352,1.0,1.0
neg_767,0,120.87340062329609,23.323973598704764,2103.0830078125,32.17275338494096,40.7243127908634,791.6103515625,13.933626728553927,8.209,0.0,0.0
neg_768,0,120.72212194347333,21.962353674214842,105.32591247558594,7.904283352799335,20.63946857173886,110.05309295654297,5.844073670581718,11.612,0.0,0.0
neg_769,0,121.34988621307798,23.202918551546226,942.5968627929688,38.371448711056466,51.352542244311984,660.0122680664062,24.075462428874307,0.678,0.0,1.0
neg_770,0,121.43319204952606,23.745378041369165,126.87525177001953,7.768205086709905,20.527202967476196,165.12024688720703,4.646535594146243,0.758,0.0,0.0
neg_771,0,120.74870609976382,23.289141353940035,1173.45849609375,32.743002182171075,46.677029139324944,533.5499267578125,19.5700303500047,1.846,0.0,0.0
neg_772,0,121.16053077473688,24.680128925933392,676.1806030273438,26.557302826816716,37.56777055011073,320.49908447265625,15.639442010713022,0.376,1.0,1.0
neg_773,0,121.00400776355283,23.116253139667833,1303.80029296875,33.4973942424482,44.04133512991026,691.0394287109375,17.716458753607277,4.013,0.0,0.0
neg_774,0,120.92246579652735,23.288412749287467,1799.7078857421875,43.72144177946905,58.866553759723665,946.630615234375,27.46857314070604,8.474,0.0,0.0
neg_775,0,120.94150023335068,22.664959905488466,579.9880981445312,41.485030635795646,62.668700724116114,820.4681854248047,29.987474387054906,4.773,0.0,0.0
neg_776,0,121.63816794299747,24.93967027599667,206.5304412841797,26.060572144410212,36.49347692953978,223.63284301757812,14.698652257234752,2.858,0.0,0.0
neg_777,0,121.4215591274342,23.532079575773622,285.9205322265625,29.554339708446165,41.92870736359636,256.5764617919922,18.11483729310468,4.119,0.0,0.0
neg_778,0,121.54813032590441,25.197186940774085,914.3526000976562,28.835594752664633,40.285005852963415,373.3243408203125,16.01512658383925,0.683,0.0,0.0
neg_779,0,121.7163209876121,25.036457776449392,563.9585571289062,27.944448328271815,37.61995026436225,222.77090454101562,15.765592029331831,0.262,1.0,0.0
neg_780,0,121.06730466914237,24.226572909170766,1248.10888671875,43.980697114238424,55.22929140082626,825.0619506835938,25.346312824577783,0.143,1.0,0.0
neg_781,0,121.2641270595138,24.87095358395525,186.03326416015625,7.345223819218939,26.045927552135876,112.61224365234375,6.080323539735187,4.212,0.0,0.0
neg_782,0,120.83778894648127,22.45494030426583,499.34307861328125,27.79369810939337,41.50278496343828,427.3164367675781,14.862592629923903,4.669,0.0,0.0
neg_783,0,121.86330174594565,25.063413721696282,110.36433410644531,19.714747763611726,29.46329520569553,172.9529571533203,11.424270994300608,0.776,0.0,0.0
neg_784,0,121.2111902157375,24.07533548527662,1700.7060546875,35.71037997521323,46.566438139825735,679.132080078125,18.660987380425894,2.271,0.0,0.0
neg_785,0,120.88702254967104,22.90880511728124,1554.7808837890625,36.60031713274943,47.335140461535794,544.249755859375,19.965599101003377,15.961,0.0,0.0
neg_786,0,121.56743745854119,24.35663748663503,1728.86279296875,37.28694364414155,47.695915965632814,739.330078125,20.02012039135278,15.275,0.0,0.0
neg_787,0,120.74943063564662,24.063844831945865,219.97608947753906,22.426662021830545,34.43913064422129,195.89212036132812,12.77322630208714,1.045,0.0,0.0
neg_788,0,121.3587123131293,24.273373082472315,2159.76513671875,35.61589257776404,48.548254916356186,411.131591796875,21.545059906040372,10.276,0.0,0.0
neg_789,0,121.40291734175965,24.064525339191846,2571.1416015625,40.94636554838312,53.65149634794547,713.000732421875,24.701647991309496,8.686,0.0,0.0
neg_790,0,121.16578315442364,23.524887586976103,2123.412353515625,39.482831974985174,50.82568028668159,563.1851806640625,25.555042023326823,16.542,0.0,0.0
neg_791,0,121.57205562604781,24.41851772077367,1457.58837890625,30.722437990254544,41.17890447141606,500.255615234375,15.875106660199165,11.602,0.0,0.0
neg_792,0,120.82508733439134,24.083622981960065,904.2468872070312,30.614445087409237,44.56282871365494,494.255615234375,16.900718432599636,0.895,0.0,0.0
neg_793,0,121.24794990634118,24.529218430381558,1561.2685546875,36.2722545089108,51.56747409303348,484.97119140625,21.33559861829828,9.017,0.0,0.0
neg_794,0,120.64099674711551,22.451157327724715,244.77377319335938,28.14230627033286,40.40776777600759,416.67906951904297,14.648054695898134,1.515,0.0,0.0
neg_795,0,120.68527372261637,23.42983932733977,586.3328247070312,34.19079432766658,48.97995607488367,500.0489501953125,24.503309189077147,2.645,0.0,0.0
neg_796,0,120.9684398695481,22.9905839301032,2676.3974609375,25.89018422881895,36.0057556001563,388.84765625,13.615537662151151,8.702,0.0,0.0
neg_797,0,120.79466779805146,23.102507091319854,1696.18017578125,36.90856827931281,49.458084412852294,776.1727294921875,19.798981365414694,7.157,0.0,0.0
neg_798,0,121.61673086649208,24.146748234328108,446.60205078125,42.22527536420805,55.75302717864368,874.08935546875,26.17003236437608,0.336,1.0,0.0
neg_799,0,120.97492615810731,22.709815640968788,794.2130737304688,28.310459411770175,38.49336622204082,631.5062866210938,13.661788037914153,0.148,1.0,0.0
neg_800,0,120.89999365189843,23.318014009822473,1478.8121337890625,39.37855792716787,51.10782043544098,734.8441162109375,21.658420129360568,9.443,0.0,0.0
neg_801,0,121.56638745895968,24.584799352203532,1270.4017333984375,23.232295492948378,36.48355937162873,394.3416748046875,13.091083227174366,0.961,0.0,1.0
neg_802,0,121.10859181593058,24.165454552000355,2755.544189453125,39.74578719828227,50.96926709152887,761.58447265625,21.458263606673935,3.665,0.0,0.0
neg_803,0,120.96020330941211,22.970607905117454,2496.31787109375,23.422689776686198,33.63387562850933,356.545166015625,11.070646424127805,8.696,0.0,0.0
neg_804,0,121.03226751290066,24.076922718940796,1132.165283203125,36.690308783540885,50.40359502122157,747.2130126953125,21.54803098784744,0.664,0.0,0.0
neg_805,0,121.45666662413738,24.442261356149885,2080.052978515625,33.28645396120837,43.73648819707811,449.4910888671875,19.662933612900947,3.664,0.0,0.0
neg_806,0,120.7305526487962,23.962926276312487,308.66070556640625,15.263368519884823,26.985483181558465,122.98536682128906,9.006093255925189,5.023,0.0,0.0
neg_807,0,121.15566797205061,24.377146886964546,2622.751220703125,39.21865405506824,49.79640717343347,629.32470703125,21.2528989728527,8.467,0.0,0.0
neg_808,0,121.44880195334136,23.387488349814504,368.1624755859375,33.27695305026126,51.4614264033777,540.8724975585938,21.499174428502908,2.142,0.0,0.0
neg_809,0,121.37346254993813,23.237496289201612,246.02029418945312,27.277689966684612,38.62809192420894,412.13783264160156,15.831335157831825,1.722,0.0,0.0
neg_810,0,120.9627104265061,23.298986709484392,2654.343994140625,39.01132757840087,48.555213341742935,840.66015625,19.005578145833827,11.064,0.0,0.0
neg_811,0,121.09654937633488,24.38746248337449,2368.702392578125,37.68808923723067,46.8175075570737,584.95068359375,22.51170188649271,11.591,0.0,0.0
neg_812,0,121.46848801953611,24.21843260185061,1264.525390625,42.76160278001167,53.97638768947599,1033.999755859375,22.51800837075207,0.685,0.0,0.0
neg_813,0,120.5252947549417,23.239329563238844,223.07069396972656,28.919946132478504,45.64575991199512,377.3693084716797,17.713247512774004,1.582,0.0,0.0
neg_814,0,120.81873719794413,23.072153742974827,2009.1529541015625,31.608819220336972,39.87605995897651,633.1085205078125,16.175980502088443,10.588,0.0,0.0
neg_815,0,120.55920284365236,23.45362532037507,160.94264221191406,5.75070098360333,15.981835093203125,90.40196228027344,5.372682940451061,1.378,0.0,0.0
neg_816,0,121.42848180059895,24.315079694016468,3149.0107421875,37.62842479252321,46.73798751719257,755.817138671875,19.353829130754722,10.628,0.0,0.0
neg_817,0,120.85143845962756,24.24702849888787,466.815185546875,16.433094905800402,27.687843993187503,153.628662109375,9.146085034234467,0.811,0.0,0.0
neg_818,0,121.56003835788937,23.855297401122826,340.86749267578125,24.872314004008956,38.09245111738558,354.2712936401367,14.24013511442273,0.29,1.0,0.0
neg_819,0,121.216046808552,24.8096222888237,318.806396484375,18.513622290268696,30.497133536961023,219.01002502441406,10.898184322430575,1.216,0.0,0.0
neg_820,0,120.90054631740414,24.4931943828001,291.8631896972656,18.762637558178888,30.16444514920019,132.43826293945312,11.411788374203942,0.562,0.0,0.0
neg_821,0,121.09695173543501,24.208600603494013,2231.7607421875,43.3474207350158,54.624604064278884,860.0997314453125,25.638548509661526,1.325,0.0,0.0
neg_822,0,120.68414199332788,22.403078435089704,728.355712890625,31.987947741048064,40.39202730640238,513.7970581054688,16.244671133356004,4.192,0.0,0.0
neg_823,0,121.34051496994505,23.35083911197834,112.83612823486328,2.3785156919470527,3.0198387657940526,78.5833511352539,3.882682100595228,1.247,0.0,0.0
neg_824,0,120.9086756058554,22.74571289914882,2031.3848876953125,28.31796471081519,44.02566697871139,571.06689453125,15.92723449246905,7.449,0.0,0.0
neg_825,0,120.99207908660141,24.49667839788667,1420.1405029296875,37.45946764740305,52.81591203228415,633.11767578125,21.885244474902898,1.551,0.0,0.0
neg_826,0,121.17026133240313,23.87239502252171,2911.321533203125,37.85809316566434,50.10989552206865,667.545166015625,20.659236996955453,8.67,0.0,0.0
neg_827,0,121.61234865050811,24.52280452516789,1841.460693359375,27.340621315362426,44.336740673410056,452.343994140625,15.319795082715055,5.436,0.0,0.0
neg_828,0,121.62780802672546,24.775508967818908,715.9382934570312,29.806948424658277,39.53707269066171,420.06817626953125,16.084126683688456,4.252,0.0,0.0
neg_829,0,121.34717765431733,24.07826236126632,2614.574951171875,40.48843895791397,49.50202963322339,696.972900390625,22.36605212044523,6.873,0.0,0.0
neg_830,0,121.57411627826187,25.107987858551315,389.7979736328125,21.90524349634513,33.5201033112923,332.4804382324219,11.30615460124855,0.139,1.0,0.0
neg_831,0,120.81061852043027,24.4912296451382,112.55223846435547,1.0689221849288852,1.7629495991102595,15.581985473632812,0.4950051140342671,2.896,0.0,0.0
neg_832,0,121.73916748983561,24.951568761078526,239.42535400390625,26.97012281728833,41.758826572423544,268.15008544921875,17.318518599706056,1.472,0.0,0.0
neg_833,0,121.55861217216004,24.422061860626428,1252.63330078125,35.16625234708271,44.121468632861635,672.5697021484375,17.77307619548127,10.234,0.0,0.0
neg_834,0,121.09503355525436,24.068785658131038,1188.60693359375,35.57019728000843,48.634073264745275,490.13616943359375,22.661677935045287,3.081,0.0,0.0
neg_835,0,121.38395773133516,24.56910253858713,1579.4967041015625,33.59430976559617,49.974379700358966,451.8297119140625,22.93268677841722,3.209,0.0,0.0
neg_836,0,120.79745840849502,23.852988162433036,333.3636779785156,21.860510640243028,32.02030318744208,203.37782287597656,12.670688374214388,2.718,0.0,0.0
neg_837,0,120.72480595085341,22.937622848778112,728.1219482421875,34.17133925893867,52.92822229432279,615.1279296875,20.140262454700796,3.05,0.0,0.0
neg_838,0,121.05517638625938,22.746063443076405,124.44213104248047,13.524540890034666,28.448479465876048,261.9365234375,7.351302236635416,0.504,0.0,0.0
neg_839,0,121.04485357692697,23.685597982992434,1307.2381591796875,31.73476001270819,44.87900075700454,596.3984375,15.985797409542124,10.953,0.0,0.0
neg_840,0,120.80901311097281,23.29148621922966,1650.306396484375,32.99861584868221,45.21588854919523,645.51806640625,17.001001426162475,3.36,0.0,0.0
neg_841,0,120.90237158546009,22.698197588023625,1146.1163330078125,32.23253466958396,45.04726998819991,663.0941772460938,17.535308561408502,6.907,0.0,0.0
neg_842,0,121.13210725015762,22.97818136040647,314.7884216308594,18.320303168674005,33.93513936610211,286.55645751953125,10.246730172602977,1.008,0.0,0.0
neg_843,0,120.75165087546712,24.314210961478622,328.62982177734375,17.3156777693924,27.873200675806608,152.47390747070312,9.9579223791781,2.641,0.0,0.0
neg_844,0,120.70440565290994,22.383031812438954,671.0682373046875,35.13852222234939,46.12191344556058,726.7217712402344,18.0506450412976,5.649,0.0,0.0
neg_845,0,121.3354558316703,24.227760396554125,2963.845703125,29.747495869411757,41.1450161889368,473.50341796875,15.678143770019302,10.106,0.0,0.0
neg_846,0,121.29581822905166,23.814312433362222,2436.50244140625,37.5282493293914,51.908844379544625,750.3114013671875,21.46584430933007,12.008,0.0,0.0
neg_847,0,121.25919506191421,24.37864802161102,2456.069091796875,42.028400341613235,53.618213459091194,717.1767578125,26.0443719634065,0.005,1.0,0.0
neg_848,0,121.25327503929881,24.717834941810196,841.2461547851562,20.420307080071485,30.506289722468516,396.29150390625,8.943816134642054,1.295,0.0,0.0
neg_849,0,121.42863204029678,23.954250166894443,1225.070068359375,36.78879988066448,47.46668011720793,615.8709716796875,20.25164838454261,4.215,0.0,0.0
neg_850,0,121.32920645404917,24.385510553981142,2269.8818359375,30.55996098433274,42.21973295349013,492.5240478515625,17.47600594667017,2.427,0.0,0.0
neg_851,0,121.2603912083539,23.928061177885958,2063.97607421875,43.21134613179823,56.94063451486065,752.258056640625,28.190597349817782,10.857,0.0,0.0
neg_852,0,120.82009288790408,22.84991111713502,1794.0670166015625,35.59028403495156,47.75062443095692,631.986328125,21.053165306768744,11.657,0.0,0.0
neg_853,0,120.77941451257485,22.95314903459465,1156.558837890625,37.77154290404229,55.077487879811116,591.40087890625,25.369197896015297,7.78,0.0,0.0
neg_854,0,120.72464148115358,24.345784135626793,176.18756103515625,1.8540398780841978,3.797059464025756,22.409820556640625,1.2332075917305363,2.316,0.0,0.0
neg_855,0,120.71202674615087,22.22282242844604,271.0843505859375,26.676390381677862,37.58328791376294,288.82164764404297,15.481022241327292,2.467,0.0,0.0
neg_856,0,120.4325236570082,22.82736974291196,361.4320983886719,23.30649212841303,36.02749100853316,278.2576599121094,13.482965079850894,8.386,0.0,0.0
neg_857,0,121.15931652832043,24.56774631135695,1632.5765380859375,31.827584065819305,41.82183266075709,562.63037109375,16.02249957107106,4.197,0.0,0.0
neg_858,0,121.1451273406609,23.65077392678959,2063.08154296875,28.87580426297243,44.3221875038091,447.9884033203125,17.316847213715626,17.429,0.0,0.0
neg_859,0,120.89701868717854,22.77172768870313,2009.989013671875,31.366921116302677,42.18394925643807,455.8836669921875,17.376003021085452,10.166,0.0,0.0
neg_860,0,121.3110908750501,23.90949366349147,2337.536865234375,39.037882239550534,50.65454424663187,764.186767578125,23.499676697444162,10.164,0.0,0.0
neg_861,0,121.04338493799186,24.112050980700534,1030.1380615234375,33.24322785060682,45.76818907503527,624.7711181640625,16.3138999179947,4.518,0.0,0.0
neg_862,0,121.71740775934913,24.31995313550999,325.17669677734375,31.67464625246138,43.9273165698801,683.8444633483887,15.289952021248236,3.118,0.0,0.0
neg_863,0,121.21188914232486,23.496138468516524,1536.143798828125,42.57985223806211,54.98168496411582,786.4342041015625,26.123894686299856,10.903,0.0,0.0
neg_864,0,120.8365747869701,24.029921006020214,324.7950134277344,23.85888634410121,39.06007478320898,324.05787658691406,13.85259018144927,0.379,1.0,1.0
neg_865,0,121.24477778468945,23.261844669454014,690.6072387695312,31.397410466319112,39.459404484009625,651.5398254394531,14.034312953880137,1.553,0.0,0.0
neg_866,0,121.06284161277564,24.14046767243502,1954.418701171875,38.68714539470288,47.86095762079194,769.2064208984375,19.7551849799232,3.194,0.0,0.0
neg_867,0,121.42600834265147,24.093688301031094,2909.84423828125,37.74817859337766,50.44042727399064,568.487060546875,22.04704601234895,5.761,0.0,0.0
neg_868,0,120.73344955205528,24.023940704410286,297.5857849121094,20.34109500452911,30.991227065396313,153.25807189941406,11.684793185127655,0.903,0.0,0.0
neg_869,0,121.4236537635587,24.39703374300444,2613.79345703125,40.91906425909881,52.218658803347374,909.669921875,21.474596079489743,6.183,0.0,0.0
neg_870,0,121.21407434313876,24.87575768040162,216.06056213378906,1.7768779271511774,3.517800227188394,21.44476318359375,0.9402634367663923,6.752,0.0,0.0
neg_871,0,121.2607428146153,23.96506538477211,2544.841064453125,38.8387846340399,52.26690044023456,628.085693359375,21.727317514929844,6.759,0.0,0.0
neg_872,0,121.4098502247076,23.961927503430715,1285.4853515625,39.161870528281064,51.09325072082817,756.6085815429688,20.812217628898285,4.914,0.0,0.0
neg_873,0,121.57372476238825,23.841794765974782,373.7873840332031,38.38387729132302,50.100217731807476,357.74267578125,25.656359035186828,0.462,1.0,0.0
neg_874,0,121.13717015522212,24.157451269824758,1719.67431640625,38.79581952223069,47.158158170261956,676.5618896484375,21.98976726285707,2.456,0.0,0.0
neg_875,0,120.88548455844447,22.652804033438443,632.1649780273438,34.03764859318174,47.480453194827014,568.5428771972656,19.90315775068148,7.484,0.0,0.0
neg_876,0,120.4805387438617,23.41189426388994,157.0417022705078,13.548025715974195,21.329321342550603,94.60029602050781,7.435435902702335,7.053,0.0,0.0
neg_877,0,120.75244206209709,22.52597536229917,1926.0416259765625,33.280704826962285,45.87595402296967,442.0802001953125,18.0533549829908,7.474,0.0,0.0
neg_878,0,121.07226325295719,24.653100231579163,321.333740234375,24.5249634032235,39.52268948017299,242.68234252929688,15.693773243828744,1.58,0.0,0.0
neg_879,0,121.35956910719669,23.707947871800755,1142.7769775390625,34.84286579198871,49.40654464215938,692.9312133789062,21.53919529530936,1.71,0.0,0.0
neg_880,0,121.25722798145851,23.486725588780253,753.4829711914062,39.6273008575058,53.034347686350074,631.02490234375,26.44529125243783,6.351,0.0,0.0
neg_881,0,121.25157523678686,23.48942279477635,810.357177734375,36.02064277457217,52.63089612101097,469.42449951171875,24.93115227816465,6.997,0.0,0.0
neg_882,0,120.74369292234866,23.64946875259236,961.2667846679688,35.2472413390723,54.502493139644656,432.0374755859375,25.415553157216312,0.265,1.0,0.0
neg_883,0,121.0612133425874,24.436424816564827,1409.9176025390625,36.7271643072564,45.824629657343436,729.8568115234375,17.40073477093976,5.323,0.0,0.0
neg_884,0,120.99704745033343,24.09334703504281,1007.4956665039062,34.85310793698536,48.45819019739115,591.1083374023438,18.787899664847778,0.751,0.0,0.0
neg_885,0,120.78805241098024,24.15375752026815,302.142333984375,20.747816010793073,31.363450216035574,151.42941284179688,12.420802159867598,0.899,0.0,0.0
neg_886,0,120.56781031943869,23.04847364965264,286.100830078125,15.595627996931654,28.951169321127246,160.8877410888672,9.70116914423046,2.03,0.0,0.0
neg_887,0,120.96620862258516,23.825444985187325,1677.269775390625,41.084391592512674,54.38147563793662,758.8455810546875,24.367992826657712,0.811,0.0,1.0
neg_888,0,121.39766736371287,24.408320729084974,1472.6751708984375,33.48337743134941,44.78356368492306,469.255615234375,18.812484815962208,3.603,0.0,0.0
neg_889,0,121.06600110904644,23.826910369814577,924.3260498046875,35.22951324018799,50.075372410227686,488.95538330078125,23.16325783397329,8.05,0.0,0.0
neg_890,0,120.57098030605606,23.236821864516454,316.5462646484375,16.90679093421841,26.447275791741887,212.8750762939453,9.648371746328596,2.212,0.0,0.0
neg_891,0,121.41852362776389,24.425514376482333,1803.4923095703125,35.3631676701715,44.18207604664982,636.560546875,19.308190959496596,4.552,0.0,0.0
neg_892,0,121.15435067280248,23.12277144775959,523.30419921875,27.458177805308093,39.61564732931117,432.9739074707031,15.71423743207262,1.704,0.0,0.0
neg_893,0,121.46501196359495,24.35341868416077,3321.5166015625,31.19682336437892,42.88743669090151,455.51171875,16.919321496423485,11.291,0.0,0.0
neg_894,0,121.03021717144485,24.42318900974771,1062.4571533203125,35.321107586708955,44.50572809851947,556.1931762695312,18.838348274497022,4.339,0.0,0.0
neg_895,0,121.88089799923424,25.113510575956326,114.94182586669922,29.39235773366964,40.996520424780044,360.41228675842285,17.01145486335671,0.359,1.0,0.0
neg_896,0,121.39885676084785,24.83554584254987,660.0906982421875,27.600902105630947,41.384414793287434,318.9891357421875,17.04122865981868,2.813,0.0,0.0
neg_897,0,120.89824501149741,22.617407295351438,796.7432861328125,28.4532393345588,40.73955862354298,501.5672607421875,15.615506229925971,5.078,0.0,0.0
neg_898,0,121.13078320968138,23.85786649754176,2030.841552734375,45.872588579293776,58.26994984183942,859.2919921875,29.21579849446222,6.592,0.0,0.0
neg_899,0,121.32780658957597,24.209784348105558,2325.0146484375,31.586696042277303,43.10618227831488,395.078125,18.465690949668524,9.556,0.0,0.0
neg_900,0,121.1405580493422,24.455341424743782,2162.0478515625,33.620769563328274,49.83486098738104,827.201416015625,18.09640205160648,10.948,0.0,0.0
neg_901,0,121.16273776639518,23.06649238508067,270.51605224609375,8.384336376481997,29.20790062509531,209.59910583496094,6.897352100771887,0.236,1.0,0.0
neg_902,0,121.309783103102,24.264589216652194,2948.83935546875,29.099048475799513,42.95210981576908,407.706787109375,17.05919662921544,8.308,0.0,0.0
neg_903,0,121.07112030271713,23.11804763095879,837.9347534179688,34.60065640413911,44.599927989290336,658.3056640625,16.588040177022975,2.009,0.0,0.0
neg_904,0,120.8723859874678,22.88849476310356,2373.635009765625,28.1062594917795,40.158328811704884,309.772216796875,16.844234171565986,15.481,0.0,0.0
neg_905,0,120.60521761675615,24.276439806275647,215.59552001953125,1.9294097699749886,4.508373035656998,44.167205810546875,1.077870697743706,1.173,0.0,0.0
neg_906,0,121.10718602742496,23.183952979709513,974.297607421875,38.94978296864519,47.91795263267911,648.073486328125,20.0949450667459,4.739,0.0,0.0
neg_907,0,120.78765631580762,22.623638122489062,1468.837158203125,38.79487075319362,49.92281666743156,732.9520263671875,22.924631096630883,11.595,0.0,0.0
neg_908,0,121.01222302230384,23.963435791985543,851.1087036132812,30.31041362584791,41.848110182806565,399.8018798828125,17.150322077782292,0.495,1.0,0.0
neg_909,0,120.83100460366583,23.410385266479977,1981.8111572265625,30.09060594580687,40.55821586938438,526.2730712890625,14.75134514731037,6.148,0.0,0.0
neg_910,0,120.9700679880048,24.132068424002007,1121.9417724609375,30.517230339694386,42.980032974028134,531.3417358398438,15.543678201012273,0.318,1.0,1.0
neg_911,0,120.58707894520055,24.246275536002408,121.03168487548828,4.744270129230655,8.477635445103479,79.4590072631836,2.5139105819878296,2.249,0.0,0.0
neg_912,0,121.1222622082241,24.858360675240405,119.96830749511719,16.317731897399177,28.27248642677922,106.644287109375,9.258022196977507,3.272,0.0,0.0
neg_913,0,120.90290592721398,24.209064895463516,905.880126953125,33.409668006475215,42.89511705411998,431.3013916015625,19.554563799152533,0.032,1.0,0.0
neg_914,0,121.36105967547547,24.578765856713627,1999.8602294921875,34.806227697681,44.21096392646546,612.9405517578125,18.87786516987267,2.138,0.0,0.0
neg_915,0,121.35455819941983,25.020589775462415,199.08685302734375,14.515860894619312,25.624663658072606,96.75874328613281,9.133033975941455,2.944,0.0,0.0
neg_916,0,121.09349903611829,22.918790413026333,454.7075500488281,27.630041775218576,37.31601303522108,509.054443359375,13.692829113236225,0.246,1.0,0.0
neg_917,0,121.33158446986843,24.598530304728705,1183.7913818359375,35.91856572819004,46.178942968464405,513.3450927734375,19.10176082458513,0.045,1.0,0.0
neg_918,0,121.46736814887873,23.817702685287475,210.6338653564453,15.820273704901672,30.661484808792288,238.22107696533203,9.725092129383217,1.063,0.0,0.0
neg_919,0,121.37583967980905,24.2875200520365,2542.541015625,38.47082791034195,48.68632204812526,783.635986328125,19.953040773281632,10.103,0.0,0.0
neg_920,0,121.27876454895606,24.36740652306137,1984.983154296875,37.169618665603664,47.564031726385224,454.1329345703125,21.1463761400967,0.067,1.0,0.0
neg_921,0,120.8825444123632,23.203832961282412,2213.900390625,35.48289982022296,45.46187219482465,875.155029296875,15.917052571282943,0.834,0.0,1.0
neg_922,0,120.9646694083977,22.78490325501864,1791.489013671875,37.131730582346435,48.1859147872007,703.7178955078125,20.391746018491087,5.433,0.0,0.0
neg_923,0,120.90971553415847,23.806439765642487,700.0111694335938,29.021252902826582,41.76455920581734,429.26312255859375,16.325727566369025,0.374,1.0,1.0
neg_924,0,121.808006013846,24.520407431212874,381.2742614746094,35.24898581706939,46.70215248960765,642.1326217651367,20.55678007605671,0.865,0.0,0.0
neg_925,0,121.08907729630147,24.343393107044378,2249.122314453125,41.95424298545356,53.144473142725516,788.9503173828125,25.402905576476655,11.339,0.0,0.0
neg_926,0,121.19264546653024,23.496772436022486,2397.439453125,38.75382611200184,51.49898722262779,550.197509765625,24.763982885579548,12.736,0.0,0.0
neg_927,0,121.30816364068988,24.349474337205777,1705.759033203125,28.82282753728548,44.855109940804866,336.7647705078125,18.73470036747567,0.426,1.0,0.0
neg_928,0,121.28320259411686,24.717031148111918,862.8408203125,21.49570060220044,36.722364508898615,303.36065673828125,13.887319397776656,1.101,0.0,0.0
neg_929,0,121.68191911750513,24.582760663120478,308.234619140625,27.703936850165714,41.65458878360741,486.1959686279297,14.880820381344066,0.965,0.0,0.0
neg_930,0,121.0616971618579,23.77539494695308,1692.9454345703125,36.73979214448228,49.916440244525106,733.2032470703125,19.688857810733754,11.082,0.0,0.0
neg_931,0,121.47615378542473,23.44439562416012,217.80796813964844,24.422811228108333,35.55224024435871,347.73377990722656,14.040507239808685,3.358,0.0,0.0
neg_932,0,121.25613047984895,24.51027930743835,2055.377685546875,33.644411302205796,48.98969253219003,641.76318359375,20.53963236982145,9.904,0.0,0.0
neg_933,0,121.17712808153078,23.22503430946871,1557.648681640625,23.964011150287988,33.61468494610211,372.428955078125,12.365741563088951,4.989,0.0,0.0
neg_934,0,121.88806700047931,25.094512470221236,399.9702453613281,27.312639973161524,37.55833457584784,264.81488037109375,15.583110367086263,1.085,0.0,0.0
neg_935,0,121.18514072981162,23.252869527334976,993.4625854492188,15.93129344592331,25.79489682493355,255.82086181640625,8.742602633089541,7.496,0.0,0.0
neg_936,0,121.53161571029395,23.828672200277076,118.45099639892578,19.12908830415394,36.13956854510881,171.77693939208984,12.341728200562782,0.783,0.0,0.0
neg_937,0,121.68670403135374,24.774674867901158,382.41412353515625,23.81524106093105,39.0540407447497,318.85274505615234,13.985898101580892,0.413,1.0,0.0
neg_938,0,121.28666009281346,24.54877862707722,1999.5894775390625,37.91744716959299,47.90000617609023,643.8646240234375,20.968086727038994,4.653,0.0,0.0
neg_939,0,120.86747203848736,22.478841622061292,898.0319213867188,31.16255350501453,44.134893340271205,489.6507568359375,18.586262513905005,2.252,0.0,0.0
neg_940,0,121.33626148206521,24.474962485580953,2612.19921875,31.96528598583756,46.00552324835585,513.404541015625,18.011486399917132,4.23,0.0,0.0
neg_941,0,120.67362918324704,22.608143318465526,540.6119995117188,30.615431588782002,41.97288167654866,564.4806518554688,16.563934245700185,2.496,0.0,0.0
neg_942,0,121.42259602112938,23.981970802383113,1274.1983642578125,30.51807231450759,42.63267145446329,743.1738891601562,14.928230472942719,6.739,0.0,0.0
neg_943,0,120.84885061896253,22.321168935617177,328.2087707519531,25.928519878282543,37.368163163555984,336.3247833251953,14.643391762134357,0.531,0.0,1.0
neg_944,0,121.31829961686465,23.746933013625423,1223.7193603515625,39.730047230566086,51.45609475157046,804.3174438476562,19.86974449670035,7.67,0.0,0.0
neg_945,0,120.71803962817202,22.893343619012388,1154.97607421875,31.37269260020672,40.98040755439307,495.729736328125,17.07043500068869,0.878,0.0,0.0
neg_946,0,121.33544524892875,24.808362668542454,523.3987426757812,28.906176143898033,39.18382387888581,397.74488830566406,15.361880504858167,0.772,0.0,0.0
neg_947,0,121.30185814486624,23.19292574430096,711.8582763671875,33.71940574200376,49.14910671561997,477.7212829589844,20.10591543841206,0.256,1.0,0.0
neg_948,0,120.81585481256525,22.05668285258456,164.0504913330078,10.89144664100858,16.329494361797067,119.5583724975586,5.3234803451828405,1.867,0.0,0.0
neg_949,0,121.51045999770173,24.971614917230532,109.10478210449219,22.088268911395676,34.374408290946455,191.96452140808105,13.424756619777492,1.966,0.0,0.0
neg_950,0,120.98043810266553,22.647356861326564,717.7044677734375,28.711366417047827,39.50189320359222,475.5271301269531,16.473596703837472,0.816,0.0,0.0
neg_951,0,121.15635965357367,23.84217594525934,2735.981201171875,29.047549568592405,40.923302239908026,384.06640625,16.168754556124213,9.576,0.0,0.0
neg_952,0,120.45735574455139,22.998328997643004,105.6322021484375,15.732149393265866,25.15304806079871,94.01892852783203,8.768614192143138,3.875,0.0,0.0
neg_953,0,120.67322010456112,23.56939342148217,616.697998046875,29.653738545351576,52.03813920376123,556.5940551757812,19.453141616005,2.22,0.0,0.0
neg_954,0,120.61660545466412,22.858547039100866,117.73564147949219,1.152854575772483,2.2819897119244423,14.90960693359375,0.6354439341718794,2.458,0.0,0.0
